"Country","Year","WCR.med.m3perMWh","WCR.min.m3perMWh","WCR.max.m3perMWh"
"Albania",2010,5.79153826485201,5.79147101458774,5.79164773234672
"Algeria",2010,2.36786247007478,2.20462027827,2.53842308580924
"Angola",2010,15.5333614133786,15.4176236266287,15.7603510261516
"Argentina",2010,24.1972407266944,24.0306772883932,24.4370886984924
"Armenia",2010,26.7372575088214,26.5575023154768,26.9905503697057
"Australia",2010,3.58970852261489,3.411918138068,3.83741843759979
"Austria",2010,6.6762304336253,6.532917435931,6.88076698744376
"Azerbaijan",2010,30.563266791705,30.424971194698,30.7019230621486
"Bahrain",2010,0.021824,0.01724,0.026408
"Bangladesh",2010,20.0233311111601,20.0025202849901,20.0446531535033
"Belarus",2010,0.853887993451784,0.675789999469838,1.03999186334718
"Belgium",2010,1.43484841644938,1.15948431009255,1.85946776028113
"Benin",2010,1.7248,1.3636,2.4332
"Bolivia",2010,20.103955108458,19.9848503408617,20.2355942968895
"Bosnia Herzegovina",2010,3.44897395025461,3.10136545340808,3.97998272740948
"Botswana",2010,1.4672,0.9912,2.3352
"Brazil",2010,52.6593207355757,52.593250514226,52.7719531573345
"Brunei",2010,0.0760789688818565,0.0574365506329114,0.0949500184599156
"Bulgaria",2010,23.251296729623,22.8015296921334,23.9393501827771
"Cambodia",2010,4.07463691272,3.64645701672,4.84568328672
"Cameroon",2010,420.687978004746,420.601886547119,420.845981055593
"Canada",2010,14.7783987327912,14.6072378066948,14.9491504376602
"Chile",2010,2.21487943292326,1.97318221347725,2.62588165998087
"China",2010,2.02025932487963,1.53140159557139,2.79282681826662
"Colombia",2010,4.40257598629069,4.31518549557987,4.53344870791832
"Congo",2010,271.153152135714,271.077798564286,271.233819992857
"Dem. Rep. of the Congo",2010,489.73804070568,489.736151369817,489.740193570955
"Costa Rica",2010,48.2941119376834,47.3294577083189,48.4770394906418
"Côte d'Ivoire",2010,0.367316814752724,0.245803386420788,0.497793998323554
"Croatia",2010,3.74949026017447,3.59364561516038,3.97364872212589
"Cuba",2010,1.96233856760763,1.60415617236707,2.617421824491
"Curaçao",2010,1.71793333333333,1.34633333333333,2.41706666666667
"Cyprus",2010,1.91177145434047,1.4700679744457,2.6744466591507
"Czechia",2010,8.72541949275345,8.20867077792394,9.51924866577419
"Denmark",2010,1.14923734523545,0.792156264488189,1.71331432737739
"Dominican Republic",2010,7.20110198080618,6.88519486671678,7.75413410203891
"Ecuador",2010,27.9780171367041,27.7860648116234,28.3229652529581
"Egypt",2010,46.5565038507793,46.3857730897232,46.7740227423023
"El Salvador",2010,15.0388952055147,12.9472044468249,15.585095698496
"Eritrea",2010,1.71370803858521,1.3548308681672,2.41755241157556
"Estonia",2010,1.77336937711972,1.15611480445696,2.69053813367633
"Ethiopia",2010,39.402228003759,39.3725573542001,39.4102393108961
"Finland",2010,12.9192647395867,12.5897413818754,13.4506272226668
"France",2010,2.65312263606698,2.37924138763034,3.10785470475629
"North Macedonia",2010,2.9906015329146,2.55590636762534,3.65493963208815
"Gabon",2010,232.582721331541,232.475662593175,232.728198270527
"Georgia",2010,60.9933907367957,60.9796864321731,61.0080224219004
"Germany",2010,1.78370364740467,1.40524614469133,2.38887713534984
"Ghana",2010,1057.87739665899,1057.78647390892,1058.03918003659
"Gibraltar",2010,1.92552,1.48064,2.69368
"Greece",2010,2.78239410621602,2.39373751575045,3.39860763562779
"Guatemala",2010,27.8776511361059,27.4206319817148,28.3236436999202
"Haiti",2010,19.7339390791652,19.4614113108518,20.2466765578705
"Honduras",2010,42.8737393958489,42.6567727714615,43.2819433768233
"China, Hong Kong SAR",2010,1.3235798044911,0.875397549170292,1.99531218717274
"Hungary",2010,2.31210554048861,1.95224943548741,2.8424699340023
"Iceland",2010,5.43737284012334,3.44810677763433,5.69920157099854
"India",2010,4.51378479995921,4.16046811970821,4.97355484584708
"Indonesia",2010,1.28417744991391,0.81448541907535,1.38796670837463
"Iran",2010,0.193969668493641,0.186264979411012,0.202369342908452
"Iraq",2010,7.14861437874806,7.1346185997344,7.16468840066676
"Ireland",2010,1.10440338215497,0.8663417308306,1.42507847685395
"Israel",2010,0.0829574866323047,0.06485047475355,0.102733640783042
"Italy",2010,1.93230759238148,1.57731078084485,2.25879674911648
"Jamaica",2010,3.87392092285185,3.50225640896296,4.5731756335
"Japan",2010,5.15593663541412,5.12772513369194,5.16528553935887
"Jordan",2010,0.307031275330581,0.297758022572917,0.317297234050213
"Kazakhstan",2010,78.9648415786511,78.419607550386,79.7672066545169
"Kenya",2010,10.5536755964468,8.94240415438554,10.9882049907541
"Korea",2010,0.166841410596603,0.149739766839146,0.190639112425202
"Dem. People's Rep. of Korea",2010,41.4257143374261,41.1950614184823,41.7927667350443
"Kosovo",2010,1.94758878965944,1.31030937789474,2.92159567820433
"Kuwait",2010,0.0526421507654001,0.0372171484683231,0.070352497010293
"Kyrgyzstan",2010,0.133740684297521,0.0899701289256198,0.198308439669421
"Latvia",2010,7.337801630421,7.25620086989588,7.42250837555455
"Lebanon",2010,3.57971062120927,3.56071474188136,3.60179620623982
"Libya",2010,1.12802761840408,0.861904637877019,1.57765749738927
"Lithuania",2010,3.68734227923117,3.50172448831101,3.92624057110802
"Luxembourg",2010,3.78422346403834,3.66533590141581,3.91240594280113
"Malaysia",2010,2.66839760916449,2.62777067613514,2.70416769318834
"Malta",2010,1.92460915799432,1.47993960264901,2.69240578997162
"Mauritius",2010,20.1553290939383,19.7636987480848,20.8980579894385
"Mexico",2010,8.53656817181819,8.13726455895898,8.88380426299254
"Rep. of Moldova",2010,11.8134467652657,11.654076619722,11.9742083417171
"Mongolia",2010,2.29790939151403,1.69463073582193,3.25517773396708
"Montenegro",2010,4.1903681849826,3.98230035803083,4.50830493286922
"Morocco",2010,25.2538023196518,24.9303397645857,25.8392353886679
"Mozambique",2010,100.930585432539,100.930391384777,100.930800313135
"Myanmar",2010,44.6134336935967,44.6017708856954,44.6237160766008
"Namibia",2010,473.179104735019,473.15821308751,473.217315616245
"Nepal",2010,65.8089325021197,65.8088681910225,65.8090181489402
"Netherlands",2010,0.924911603541155,0.646739179189479,1.31436824625636
"Nicaragua",2010,10.9207025404318,10.0065773149604,11.5429222999289
"Niger",2010,1.52954539249147,1.09289829351536,2.34072354948806
"Nigeria",2010,109.191848693358,109.07119400173,109.312503384985
"Norway",2010,12.613624425564,12.604264102665,12.6249406873128
"New Zealand",2010,6.26981318348712,5.24878995774255,6.4284503218251
"Oman",2010,0.0228825337302588,0.0179261698370251,0.0279173940158434
"Pakistan",2010,2.49210874988054,2.46012532509456,2.53174526491487
"Panama",2010,33.0480745412434,32.87954088013,33.3651560812678
"Paraguay",2010,35.901817444946,35.9018102282109,35.9018310226103
"Peru",2010,34.554818641533,34.4568407708169,34.6884883634611
"Philippines",2010,2.68526522456904,1.53105261865248,2.86878751546686
"Poland",2010,5.70026209755101,5.08731023496324,6.63703892319149
"Portugal",2010,1.15676376943293,0.958185351241024,1.41371833552647
"Qatar",2010,0.021824,0.01724,0.026408
"Romania",2010,60.1797493122567,59.858982723759,60.6619179990177
"Russian Federation",2010,27.2770863075977,27.0173980274516,27.6190271039716
"Saudi Arabia",2010,0.0472153487151504,0.0336993504313379,0.062614262218464
"Senegal",2010,42.2689125880364,41.9435136283485,42.9029086868661
"Serbia",2010,2.9658308834307,2.52954854345747,3.63183582004986
"Singapore",2010,0.113365787306515,0.0837163524554822,0.148204250097012
"Slovakia",2010,37.4600107764484,37.1354440846543,37.9577799773961
"Slovenia",2010,2.76561758044282,2.4159949527056,3.30192673190268
"South Africa",2010,3.59385607348546,3.1374604417275,4.42533513250296
"Spain",2010,1.58791924058306,1.38980020965051,1.88338620387325
"Srilanka",2010,34.4751974870512,34.4427448724785,34.5184165172336
"South Sudan",2010,NA,NA,NA
"Sudan",2010,409.782965604374,409.720493754794,409.905487914015
"Suriname",2010,43.5383934762761,43.4220637082947,43.7572578962297
"Sweden",2010,2.16603224430694,1.98763742243118,2.46530744478086
"Switzerland",2010,6.63919512841733,6.50127517324451,6.87025027056668
"Syria",2010,3.71782225963243,3.70695256071187,3.73007098529119
"Tajikistan",2010,34.9553131602069,34.9549532149681,34.9556731054457
"United Rep. of Tanzania",2010,18.3424207801365,18.2565509280319,18.4424445950777
"Thailand",2010,5.96538054120121,5.93451791958789,5.99367934105327
"Togo",2010,258.069051088268,257.895513658101,258.40939969162
"Trinidad",2010,0.490136287566293,0.32598249263406,0.655262839127873
"Tunisia",2010,2.00298836305888,1.83934228438798,2.17679256535548
"Turkey",2010,7.27866275250597,7.02070326650165,7.61277683000303
"Turkmenistan",2010,0.58536,0.41634,0.75438
"United Arab Emirates",2010,0.02252106818926,0.0176918582187295,0.0274019697937132
"United Kingdom",2010,1.31917845668302,1.00642026252539,1.78313399332412
"Ukraine",2010,29.5158671220116,29.0828270526363,30.1577560549029
"Uruguay",2010,191.488657480837,191.410069961055,191.635463982883
"USA",2010,2.4134838884449,2.0509961794556,2.83180693698056
"Uzbekistan",2010,1.32224910333907,1.15519290247327,1.50649978385855
"Venezuela",2010,51.3090813448786,51.2200067051324,51.4526322572697
"Viet Nam",2010,19.8318695603406,19.6090681862849,20.1418633321602
"Yemen",2010,0.0564364243908728,0.0396759004769885,0.0757640768338275
"Zambia",2010,494.504664808193,494.504215382466,494.505546240046
"Zimbabwe",2010,770.417012445124,770.261135976572,770.701935145643
"Albania",2011,5.74014679704128,5.73298190799332,5.7518095386304
"Algeria",2011,5.33329546984226,5.17105628508512,5.50277363632672
"Angola",2011,16.1328619383295,16.0277809261193,16.3389510552999
"Argentina",2011,27.5261471227706,27.3611483811237,27.7702047790543
"Armenia",2011,22.8528542097497,22.6712640563176,23.100184820786
"Australia",2011,4.29879177995903,4.12838843463557,4.53610297405721
"Austria",2011,6.60064727081428,6.44625852315044,6.82349097418595
"Azerbaijan",2011,22.0708783895141,21.9185275212772,22.2281158843402
"Bahrain",2011,0.021824,0.01724,0.026408
"Bangladesh",2011,22.1389546499039,22.1152246240018,22.1645364207443
"Belarus",2011,0.840253068242236,0.66594597631677,1.01929345581988
"Belgium",2011,1.44248389948748,1.16601612452932,1.87458157039095
"Benin",2011,1.7248,1.3636,2.4332
"Bolivia",2011,20.2869410856191,20.1692533626274,20.4157749221842
"Bosnia Herzegovina",2011,2.82544920038743,2.35835017224607,3.53902371282199
"Botswana",2011,1.48929539748954,1.02314225941423,2.34360585774059
"Brazil",2011,54.2231809784949,54.1613317426785,54.3311783940625
"Brunei",2011,0.0760239127516779,0.0573956979865772,0.0948787463087248
"Bulgaria",2011,14.544578161854,14.0619065070319,15.282691226602
"Cambodia",2011,5.16329489332076,4.74231814426415,5.92114229049057
"Cameroon",2011,432.422711773565,432.342279363032,432.570954852566
"Canada",2011,15.0349865773459,14.8743221517414,15.1957980069999
"Chile",2011,2.08830083548869,1.83585481704485,2.51365684799763
"China",2011,1.97066679878596,1.47116494220481,2.75987228561365
"Colombia",2011,5.02554240369091,4.97203969571615,5.10567858498753
"Congo",2011,275.778114368473,275.720455255172,275.837972496552
"Dem. Rep. of the Congo",2011,489.609028078187,489.607045852589,489.611361943233
"Costa Rica",2011,46.4673716481743,45.4381852812093,46.6723714630645
"Côte d'Ivoire",2011,0.345762124938515,0.22937825873094,0.467667945564847
"Croatia",2011,3.09996674632199,2.87373406365251,3.4277402097881
"Cuba",2011,1.98092825568074,1.61956848541047,2.6441193981357
"Curaçao",2011,1.71806298867925,1.34643494339623,2.41724908679245
"Cyprus",2011,1.87591735496957,1.4424977525355,2.62428905476673
"Czechia",2011,7.12583890543571,6.61551230472924,7.91010767322611
"Denmark",2011,1.06360087790116,0.735649578687445,1.58454500915666
"Dominican Republic",2011,7.22578086804785,6.90809594045614,7.78335465688357
"Ecuador",2011,33.9031064887378,33.7457790354668,34.1855164731615
"Egypt",2011,43.0613350646799,42.8944852444697,43.2663070505
"El Salvador",2011,14.4925805392816,12.4132320533372,15.0510418938764
"Eritrea",2011,1.71456379821958,1.35550741839763,2.41875964391691
"Estonia",2011,1.76899654325603,1.15519545429303,2.68154201133949
"Ethiopia",2011,39.3028850536643,39.2911964169425,39.3082768267139
"Finland",2011,13.5807107557577,13.2648485726582,14.0926348536612
"France",2011,2.36503313725962,2.08665769270125,2.82547405881061
"North Macedonia",2011,2.55714838722888,2.0465911302382,3.33659698909306
"Gabon",2011,204.193977179814,204.075961501225,204.353500354728
"Georgia",2011,51.1159113934079,51.0774786565038,51.1545456017657
"Germany",2011,1.68625062462573,1.31248934672508,2.28337217982026
"Ghana",2011,1037.72036191625,1037.65207216625,1037.81695466625
"Gibraltar",2011,1.92552,1.48064,2.69368
"Greece",2011,2.07112084728531,1.68299127059779,2.6796375496206
"Guatemala",2011,29.1248430893107,28.7030539811761,29.5536568898116
"Haiti",2011,12.2769577195197,11.9554993789083,12.8817538476128
"Honduras",2011,37.2182189822308,36.9820773788553,37.6616013069892
"China, Hong Kong SAR",2011,1.43138862266033,0.942712332233814,2.17594718057686
"Hungary",2011,2.515392336639,2.15360496747272,3.04904903449291
"Iceland",2011,5.57027471966876,3.49392298182668,5.84356135728424
"India",2011,4.65327464055582,4.30140502322715,5.11148463333104
"Indonesia",2011,1.11080768044123,0.667099696584771,1.21523021916447
"Iran",2011,0.234985908976513,0.225971757276048,0.244981046196782
"Iraq",2011,4.64011727797544,4.6258227843851,4.65651969683895
"Ireland",2011,1.06266497582109,0.82908784053672,1.38281783722363
"Israel",2011,0.0820244440638091,0.0632074590442039,0.102653070492309
"Italy",2011,1.84136620261985,1.47397066792182,2.18070456326259
"Jamaica",2011,3.83641067950527,3.46794706521301,4.5296431737792
"Japan",2011,5.49382791778647,5.46617303109443,5.50158014364793
"Jordan",2011,0.303300662784188,0.286697912732983,0.32244085913839
"Kazakhstan",2011,74.1671033240224,73.6191146073707,74.9732683486222
"Kenya",2011,10.2530851473361,8.65975663100797,10.6998766618642
"Korea",2011,0.184910286065171,0.168043744795196,0.208247736713573
"Dem. People's Rep. of Korea",2011,45.788217128888,45.6005663555602,46.0879146709664
"Kosovo",2011,1.90629014252715,1.26083755676607,2.89275367467678
"Kuwait",2011,0.0510447959343509,0.0361817004020398,0.0680747823241729
"Kyrgyzstan",2011,0.112607491753529,0.0758429845626072,0.167084507190922
"Latvia",2011,6.62044045641287,6.52666092900886,6.72010120468986
"Lebanon",2011,3.30575833533761,3.28563159656584,3.32920910466239
"Libya",2011,0.9673803453979,0.726854540559252,1.34735237509135
"Lithuania",2011,3.49631749926172,3.3373802989299,3.69316183356284
"Luxembourg",2011,3.64319854925996,3.51941032536329,3.78047127261841
"Malaysia",2011,3.03213756124386,2.98524727170605,3.07406301879559
"Malta",2011,1.92110164295548,1.47724247820101,2.68749899954107
"Mauritius",2011,11.7355858372757,11.3356133729769,12.4934333656536
"Mexico",2011,7.68783623271766,7.30587278362287,8.03496923847491
"Rep. of Moldova",2011,10.8470203155202,10.6871169142067,11.0079378889734
"Mongolia",2011,2.52980121161376,1.93054613224868,3.48177922484127
"Montenegro",2011,3.39935194,3.03968672915663,3.94893612674699
"Morocco",2011,14.6756158150324,14.3342451479414,15.2899507846016
"Mozambique",2011,100.925650332799,100.925460671479,100.925839994118
"Myanmar",2011,50.2091164273693,50.2000006713904,50.2170991888204
"Namibia",2011,486.144174919161,486.136002052028,486.159287086993
"Nepal",2011,65.8327163890034,65.8326770018328,65.8327688431844
"Netherlands",2011,0.928643416610507,0.649732381431806,1.32195452900861
"Nicaragua",2011,9.47918984540795,8.64112465712343,10.1065236947803
"Niger",2011,1.5327298245614,1.08593333333333,2.3601298245614
"Nigeria",2011,97.4267106198269,97.3018419507435,97.5515792889103
"Norway",2011,12.6804556277234,12.6727411240814,12.6898446403392
"New Zealand",2011,6.47241179275928,5.40031387094061,6.63723418645972
"Oman",2011,0.0229296446923288,0.0179567084209564,0.0279845709060986
"Pakistan",2011,2.23406791592255,2.2002298961518,2.27540184314938
"Panama",2011,30.6044655939657,30.411673387369,30.963413924316
"Paraguay",2011,35.9018563969305,35.901849625911,35.9018691360194
"Peru",2011,34.0563905138457,33.959841144853,34.1855819609558
"Philippines",2011,2.75099600607575,1.62020744233977,2.92829320040615
"Poland",2011,4.7541886505289,4.14668990245494,5.68231174374924
"Portugal",2011,1.13723682231428,0.900438986124964,1.45115161026007
"Qatar",2011,0.021824,0.01724,0.026408
"Romania",2011,43.9616582885096,43.5991316213607,44.5063010485269
"Russian Federation",2011,26.7584400833725,26.4944878209065,27.1081910670134
"Saudi Arabia",2011,0.0485369915985876,0.0345560746490081,0.064498831223983
"Senegal",2011,41.9366067328467,41.6098784561092,42.5742834069184
"Serbia",2011,2.64950872795026,2.15566445852021,3.40300567872746
"Singapore",2011,0.112105200256433,0.0828276230006954,0.14640479452799
"Slovakia",2011,27.1595022953727,26.8252550905988,27.6696403764028
"Slovenia",2011,2.57170050955601,2.1995782510094,3.14337906363784
"South Africa",2011,3.55030550135714,3.09475982035096,4.38014413500255
"Spain",2011,1.47622693263667,1.24657772634905,1.82472498938049
"Srilanka",2011,26.2377665777355,26.1958221635992,26.2897562852325
"South Sudan",2011,NA,NA,NA
"Sudan",2011,379.108304893105,379.0233769688,379.274868961703
"Suriname",2011,37.8596387750538,37.7060466479395,38.1486091082163
"Sweden",2011,2.13863423813498,1.96539772817853,2.43020533218106
"Switzerland",2011,6.37254394259953,6.22561049456375,6.61884829561898
"Syria",2011,5.20434717569709,5.19373709734066,5.21630337273483
"Tajikistan",2011,34.9480598062569,34.9476642673975,34.9484553451164
"United Rep. of Tanzania",2011,14.1331798974854,14.0158176952206,14.2851807565248
"Thailand",2011,8.9494167457193,8.91613497183491,8.97987206884692
"Togo",2011,410.3165187625,410.2544375125,410.4382750125
"Trinidad",2011,0.490021896944825,0.325886548107615,0.655098176014592
"Tunisia",2011,2.09063328934958,1.93018549884221,2.25529033002364
"Turkey",2011,6.85054301567546,6.5821594513993,7.2038885841976
"Turkmenistan",2011,0.58536,0.41634,0.75438
"United Arab Emirates",2011,0.0224840549946034,0.0176678652773435,0.0273491916035385
"United Kingdom",2011,1.42740282940775,1.10935479123217,1.90682229112347
"Ukraine",2011,24.1040686207071,23.6651392485668,24.7535605927201
"Uruguay",2011,152.52940202936,152.389792977736,152.790795915671
"USA",2011,2.66992401550366,2.31906975807004,3.07255746260966
"Uzbekistan",2011,1.10635024022957,0.932364600505303,1.29626375284225
"Venezuela",2011,53.8748929784695,53.7938887402762,54.0066660911404
"Viet Nam",2011,26.5339150522335,26.3301507005442,26.820939205608
"Yemen",2011,0.0587892271994844,0.0412008507895585,0.0791193103448276
"Zambia",2011,494.474904561559,494.474433349174,494.475828722282
"Zimbabwe",2011,650.102370928362,649.897242132096,650.477363352111
"Albania",2012,5.7920252,5.7920252,5.7920252
"Algeria",2012,5.84307721970138,5.68148716447201,6.01107326827535
"Angola",2012,14.0789089371373,13.9373166740812,14.356605391038
"Argentina",2012,24.6073475820169,24.4372147665264,24.856132025122
"Armenia",2012,19.7826537943156,19.6044763727128,20.015960471767
"Australia",2012,3.71816470203681,3.54705288675692,3.95719568209109
"Austria",2012,7.38100515054199,7.25753041464953,7.56134361107392
"Azerbaijan",2012,13.5100689995998,13.3470570672873,13.6795008118497
"Bahrain",2012,0.021824,0.01724,0.026408
"Bangladesh",2012,17.9766407440803,17.9513646458269,18.0044083485363
"Belarus",2012,1.03297230199032,0.854022992597162,1.22085294032274
"Belgium",2012,1.44800366358489,1.17565341865888,1.87304567701904
"Benin",2012,1.7248,1.3636,2.4332
"Bolivia",2012,19.1921495064247,19.0710093302075,19.3251857993369
"Bosnia Herzegovina",2012,2.86662991580741,2.40772392944184,3.56761442795057
"Botswana",2012,1.5408,1.0976,2.3632
"Brazil",2012,50.6511873465521,50.5779768862029,50.7749924506373
"Brunei",2012,0.0759371183206107,0.057334631043257,0.094754403307888
"Bulgaria",2012,16.4884481158951,16.0373019750512,17.1778260099981
"Cambodia",2012,25.0457968063598,24.7620322917155,25.5560364569874
"Cameroon",2012,430.823343566631,430.741997320068,430.973410303785
"Canada",2012,15.1950683663837,15.0429163775617,15.3482398578819
"Chile",2012,2.04044043796098,1.76285792831954,2.51240511072552
"China",2012,2.00647662340197,1.52644518699881,2.76504656736763
"Colombia",2012,4.83487949941153,4.76889939129128,4.93463864439533
"Congo",2012,267.510635526915,267.448384542232,267.572886511597
"Dem. Rep. of the Congo",2012,493.433308477352,493.432074741146,493.435728130531
"Costa Rica",2012,45.6646340618862,44.5786411760989,45.8752392132524
"Côte d'Ivoire",2012,0.431220752565564,0.298122177879133,0.588765849486887
"Croatia",2012,3.10742208831613,2.89724070756299,3.40997568664249
"Cuba",2012,2.01031804548567,1.64867723693347,2.67434509942533
"Curaçao",2012,1.40738384615385,1.10295769230769,1.98013538461538
"Cyprus",2012,1.84102081831673,1.41566385414458,2.57547101971592
"Czechia",2012,7.5240617051637,7.02354605735661,8.29390132858221
"Denmark",2012,1.00321139401257,0.701007074935018,1.48664415255464
"Dominican Republic",2012,7.78243417154125,7.46844725285027,8.33442227512265
"Ecuador",2012,33.5203750867151,33.362406932034,33.8028294190126
"Egypt",2012,41.8392179991648,41.6632252737475,42.0678491870551
"El Salvador",2012,13.4166248348004,11.3675685737775,13.9987680045936
"Eritrea",2012,1.71519108635097,1.35600334261838,2.41964456824513
"Estonia",2012,1.78552986221108,1.17685344706944,2.69237884190524
"Ethiopia",2012,38.6426206396373,38.6420509984229,38.6437378429491
"Finland",2012,18.5992058031343,18.3143564892487,19.0648751059421
"France",2012,2.58164803653592,2.30997717912558,3.03198805742536
"North Macedonia",2012,2.35733883847972,1.83410956668157,3.15312524857234
"Gabon",2012,208.193306852495,208.072387998521,208.363321455083
"Georgia",2012,49.2241568826282,49.1810607052171,49.2672530600392
"Germany",2012,1.74508536933236,1.36926219428965,2.34749663262998
"Ghana",2012,1031.96787956437,1031.87349343663,1032.13445464754
"Gibraltar",2012,1.92552,1.48064,2.69368
"Greece",2012,2.08210516546154,1.70392688563411,2.67607024494119
"Guatemala",2012,29.5826641175262,29.1646976744492,30.0077833595774
"Haiti",2012,13.7505134130091,13.4387241221,14.3371180584636
"Honduras",2012,36.6654889764177,36.4394674583912,37.0901359403646
"China, Hong Kong SAR",2012,1.45011809190609,0.959709681340748,2.20042162218103
"Hungary",2012,2.53502197693374,2.16933969889129,3.07724586173235
"Iceland",2012,5.84430073288102,3.58834685288786,6.14125807973839
"India",2012,4.13424628272224,3.76355423622855,4.61799496361778
"Indonesia",2012,1.03437351657386,0.620782590687742,1.13219417882452
"Iran",2012,0.229902097937064,0.220880972608681,0.239910176874912
"Iraq",2012,7.00501777270981,6.98957369865183,7.02284343884045
"Ireland",2012,1.27476016085539,1.01881367745138,1.63663548765755
"Israel",2012,0.0918931800180944,0.0702869235541165,0.115850033501262
"Italy",2012,1.78811548330356,1.41837282001838,2.13619975092185
"Jamaica",2012,4.00140949890195,3.63640869850175,4.68812700765633
"Japan",2012,5.06823064296366,5.04132057765804,5.07526349746494
"Jordan",2012,0.302056064326344,0.284050466350928,0.322894736777537
"Kazakhstan",2012,67.1068547539589,66.5873302315115,67.8651096671752
"Kenya",2012,11.4101239954869,9.82772423956798,11.8000465241665
"Korea",2012,0.1799358493214,0.162869532222088,0.203926495371476
"Dem. People's Rep. of Korea",2012,46.7641058384279,46.5852588041173,47.0495564747349
"Kosovo",2012,1.8992734402423,1.25235168355376,2.88791776129228
"Kuwait",2012,0.0518914206368207,0.0367305051472349,0.0692820090974384
"Kyrgyzstan",2012,0.113908813291139,0.0756715466772152,0.170798390031646
"Latvia",2012,8.27261776036647,8.19235609018648,8.36673134557808
"Lebanon",2012,4.53827484592743,4.51854460230136,4.56126363697019
"Libya",2012,0.959018666666667,0.719821712618527,1.3353634194019
"Lithuania",2012,3.07948446725758,2.91421548450922,3.28460651365854
"Luxembourg",2012,3.63113625895992,3.50856672267488,3.76683348714959
"Malaysia",2012,3.44230587092372,3.39678148231967,3.48208365171118
"Malta",2012,1.91125067131648,1.46966751525719,2.6737181168265
"Mauritius",2012,14.669481890025,14.2712832486235,15.4234937598856
"Mexico",2012,6.80157719630672,6.43274399692385,7.15873826661932
"Rep. of Moldova",2012,8.40592244798345,8.24380855966908,8.56884543660807
"Mongolia",2012,2.47329077593854,1.87350768166944,3.42615410297342
"Montenegro",2012,3.62600763583685,3.30978073710267,4.10921618014065
"Morocco",2012,11.6147081573547,11.2828666457267,12.2027207736337
"Mozambique",2012,100.905903079553,100.905682085224,100.906124073882
"Myanmar",2012,47.6939931584383,47.6842343278382,47.7026649712411
"Namibia",2012,484.305402662934,484.296440277054,484.322381603895
"Nepal",2012,65.5192705038514,65.5189026463063,65.5197604010924
"Netherlands",2012,0.997807997531845,0.697824377248026,1.4319589145658
"Nicaragua",2012,9.41940542200198,8.16629040835773,10.0515945338849
"Niger",2012,1.56081403508772,1.12653333333333,2.37081403508772
"Nigeria",2012,88.2384173772827,88.1101099870227,88.3669785775473
"Norway",2012,12.8587933417945,12.8536392170645,12.8654565920332
"New Zealand",2012,6.14169868151025,5.04640150149804,6.31954962561946
"Oman",2012,0.0229641095255226,0.0179790494463765,0.0280337153135868
"Pakistan",2012,2.30944015585514,2.27596171601118,2.35064372110871
"Panama",2012,36.2306956859235,36.0754361741253,36.5177324719284
"Paraguay",2012,35.9007498506875,35.9007304177996,35.900786411989
"Peru",2012,33.0458676856799,32.9495430901183,33.1685176929355
"Philippines",2012,2.71259616833428,1.60390622593086,2.88850786770757
"Poland",2012,4.44019510657831,3.84138911357231,5.35542585488686
"Portugal",2012,1.10421082474957,0.828262209067918,1.49710098971792
"Qatar",2012,0.021824,0.01724,0.026408
"Romania",2012,38.390856961028,38.03062736157,38.9308642012685
"Russian Federation",2012,26.3352827942899,26.069777168691,26.6880209042967
"Saudi Arabia",2012,0.0478963412249706,0.0341405147232038,0.0635857254416961
"Senegal",2012,43.1426223605797,42.8209072301449,43.7673575489855
"Serbia",2012,2.75240083008343,2.27828038251692,3.47576920830023
"Singapore",2012,0.101219548766458,0.0751504843623503,0.130860048681239
"Slovakia",2012,28.9650729023618,28.6341486890629,29.4711958021665
"Slovenia",2012,2.65761881888155,2.29985191814438,3.20662428087951
"South Africa",2012,3.24636112843839,2.78839521976163,4.08070781402572
"Spain",2012,1.38882185685426,1.14130453840649,1.77098228621449
"Srilanka",2012,18.3862538977666,18.3360396745921,18.4479992716847
"South Sudan",2012,1.71704808988764,1.35747146067416,2.42226426966292
"Sudan",2012,347.822022070623,347.714190319881,348.033506046884
"Suriname",2012,39.4046004955223,39.2613498261511,39.6741142683418
"Sweden",2012,2.1766984161827,2.01574796943946,2.44823178882095
"Switzerland",2012,6.80869636642208,6.67707960931706,7.02943696861264
"Syria",2012,6.116380578269,6.10586833127658,6.12823170615543
"Tajikistan",2012,34.8785043397549,34.8777674786733,34.8792412008366
"United Rep. of Tanzania",2012,11.5919226274631,11.4515687074631,11.7859150896853
"Thailand",2012,8.9811464364746,8.94935363724031,9.01050354578678
"Togo",2012,397.32881667027,397.257227481081,397.469220273874
"Trinidad",2012,0.489888576434516,0.325774726237407,0.65490626368813
"Tunisia",2012,3.48200422435081,3.32273025280992,3.64544974785449
"Turkey",2012,7.2092222219607,6.93916949055809,7.5590114800694
"Turkmenistan",2012,0.58536,0.41634,0.75438
"United Arab Emirates",2012,0.0224741828460039,0.0176614658869396,0.027335114619883
"United Kingdom",2012,1.53708106976286,1.17863720880908,2.09481981082789
"Ukraine",2012,23.7700425381108,23.3226531951971,24.4331121922706
"Uruguay",2012,124.910884565283,124.724563061083,125.261323543295
"USA",2012,2.4283948701128,2.09319649628686,2.80807581605352
"Uzbekistan",2012,1.17595747810072,1.00595872343073,1.36099328020646
"Venezuela",2012,51.2308108912011,51.1409990864192,51.3760591456584
"Viet Nam",2012,30.1483620981802,29.9595580203857,30.4140771642136
"Yemen",2012,0.0541413001695873,0.0381876257772753,0.0724921752402487
"Zambia",2012,494.400503748383,494.399978069211,494.401534731565
"Zimbabwe",2012,674.624116105435,674.429685322826,674.979834192391
"Albania",2013,5.7920252,5.7920252,5.7920252
"Algeria",2013,3.20388466334947,3.04212778907998,3.37087069774587
"Angola",2013,13.5143235143014,13.3626951306597,13.8117032124513
"Argentina",2013,26.4188757837908,26.2548455783658,26.6579603649462
"Armenia",2013,19.3400712631751,19.1569567028638,19.5818644227082
"Australia",2013,4.68429733231744,4.52173367476441,4.90867361021775
"Austria",2013,7.51174980134295,7.39101345905174,7.69161773805755
"Azerbaijan",2013,10.9717388346836,10.8113142007879,11.1340730686478
"Bahrain",2013,0.0218367337552091,0.0172482543602408,0.0264261574317024
"Bangladesh",2013,18.9018992684018,18.8763178347125,18.9299686469515
"Belarus",2013,1.37886852726696,1.20673492774939,1.55431520768718
"Belgium",2013,1.46077325394308,1.19066624551073,1.88591271542258
"Benin",2013,1.7248,1.3636,2.4332
"Bolivia",2013,19.6485168773376,19.5269367471292,19.7845118860181
"Bosnia Herzegovina",2013,3.26453434174317,2.8808364046622,3.85076038609593
"Botswana",2013,1.50918787878788,1.05434545454545,2.34732727272727
"Brazil",2013,46.2327825517531,46.1408218873815,46.3858486932425
"Brunei",2013,0.0758849159472967,0.0572980463425716,0.0946791004089051
"Bulgaria",2013,20.9441485585259,20.5216883447492,21.5893101483761
"Cambodia",2013,38.4876761492463,38.283700392216,38.8435299298988
"Cameroon",2013,390.32381584863,390.235340901952,390.474154486858
"Canada",2013,15.0569356512221,14.904308883201,15.2110154162298
"Chile",2013,2.02738784885135,1.7298580256802,2.53812772553649
"China",2013,1.98287250199802,1.50475574542484,2.73858295987831
"Colombia",2013,4.38816000859379,4.30035100220129,4.51806723806144
"Congo",2013,244.83410919369,244.774167819644,244.894050567735
"Dem. Rep. of the Congo",2013,493.505003846221,493.503822596221,493.507320561337
"Costa Rica",2013,43.328326847446,42.1493079690874,43.5754504536991
"Côte d'Ivoire",2013,0.407797124183007,0.274534692810458,0.553404444444445
"Croatia",2013,3.73316616683177,3.58152462114432,3.95273241362938
"Cuba",2013,2.05919371023877,1.69565591870272,2.72818970449164
"Curaçao",2013,1.39020007829978,1.0894908836689,1.9559584787472
"Cyprus",2013,1.80074271328671,1.38469176689977,2.51912451282051
"Czechia",2013,9.13155652449346,8.64304005457526,9.88294944154844
"Denmark",2013,1.04234527083499,0.719093885519961,1.56243147179633
"Dominican Republic",2013,7.73028638768486,7.42904444763159,8.25246270532325
"Ecuador",2013,29.8489903802197,29.6741766606891,30.1593218788655
"Egypt",2013,41.7422473296519,41.5611726209342,41.9845102275989
"El Salvador",2013,13.1361696843909,11.0640864637277,13.726892098294
"Eritrea",2013,1.71557647058824,1.35630802139037,2.42018823529412
"Estonia",2013,1.75998960521582,1.14728674419887,2.67197455436836
"Ethiopia",2013,37.9669066343821,37.9665760165332,37.9675550554348
"Finland",2013,14.3854363876136,14.0709661472161,14.8995762004039
"France",2013,2.75928958788914,2.49224378890479,3.20196619146882
"North Macedonia",2013,2.66360252928126,2.20904271635051,3.3535919451001
"Gabon",2013,221.022732455783,220.90377710119,221.194404040742
"Georgia",2013,54.2658207765344,54.2357772572979,54.295864295771
"Germany",2013,1.7596041398529,1.37996399237251,2.36874918985063
"Ghana",2013,983.502584359102,983.393484864113,983.700594676871
"Gibraltar",2013,1.92552,1.48064,2.69368
"Greece",2013,2.41869325389978,2.07522716347424,2.9593389005963
"Guatemala",2013,28.6508412095849,28.2578293851574,29.0942817935544
"Haiti",2013,9.75103506683412,9.41300234645498,10.3870144601991
"Honduras",2013,35.5161242390945,35.2828344297866,35.9540983983158
"China, Hong Kong SAR",2013,1.47870236748557,0.972694899535216,2.25465075953828
"Hungary",2013,2.79679082726282,2.40722986469598,3.38499005483264
"Iceland",2013,5.75915115848261,3.55865301319668,6.04888624349034
"India",2013,4.47445201202879,4.10187398193539,4.96141682953143
"Indonesia",2013,1.03307356674897,0.647329669933863,1.12546921599441
"Iran",2013,0.259125168410991,0.249114847004466,0.270346847217853
"Iraq",2013,5.98542604271524,5.96948908718479,6.00383494826452
"Ireland",2013,1.23186997139506,0.988061758432099,1.57527639732099
"Israel",2013,0.0754263379354881,0.0587157771579531,0.0936421125025277
"Italy",2013,1.98533815990476,1.62271494321228,2.31852379420621
"Jamaica",2013,3.47514717281039,3.1074831808044,4.16687524675493
"Japan",2013,5.1175432472412,5.09082046939148,5.12446783733328
"Jordan",2013,0.266749883091004,0.249821338573828,0.286283973341829
"Kazakhstan",2013,61.300829908102,60.7788431960363,62.0622019353414
"Kenya",2013,10.6440265210083,8.81352056996407,11.1004493820009
"Korea",2013,0.189044318023797,0.172826920469203,0.211684609132957
"Dem. People's Rep. of Korea",2013,50.3818468514074,50.2382647318351,50.6118395236745
"Kosovo",2013,1.91903933224215,1.27590009086284,2.90190091844904
"Kuwait",2013,0.0505222973336394,0.035843002853301,0.0673297363812273
"Kyrgyzstan",2013,0.116960533866248,0.0763702576546999,0.177397521947042
"Latvia",2013,6.64588999112256,6.53179161779353,6.78395709371557
"Lebanon",2013,4.84405193636644,4.82442005988677,4.86692611444159
"Libya",2013,0.985532350381136,0.742110041410598,1.3733733020336
"Lithuania",2013,3.60879122344813,3.44220318900882,3.82627140404452
"Luxembourg",2013,4.61375562578747,4.50803375662859,4.7365982426099
"Malaysia",2013,3.88831019699309,3.84500862837627,3.9262623109015
"Malta",2013,1.90071321190582,1.46156467347845,2.65897688138605
"Mauritius",2013,17.842392968144,17.4456926911357,18.5928627742382
"Mexico",2013,6.27732371440937,5.90122804457222,6.62595569940227
"Rep. of Moldova",2013,12.3264206471292,12.1678572066504,12.4861548258036
"Mongolia",2013,2.5797799969004,1.98797975825498,3.52013854331474
"Montenegro",2013,4.02211806353359,3.78180528786819,4.38932650459823
"Morocco",2013,17.8462947093336,17.5328924998584,18.4011409525175
"Mozambique",2013,98.6883839964149,98.6846444596576,98.6921235331722
"Myanmar",2013,47.4804656126464,47.4722290240941,47.4880427380648
"Namibia",2013,473.239689871675,473.220142463712,473.276007828099
"Nepal",2013,65.6837099584077,65.6835144224396,65.6839703650043
"Netherlands",2013,0.976433363383843,0.679522002565187,1.4045406655584
"Nicaragua",2013,10.0585311933157,8.58842937818968,10.6563703361729
"Niger",2013,1.57199458239278,1.15289841986456,2.35902212189616
"Nigeria",2013,82.5644619630099,82.4341162235184,82.6950719612801
"Norway",2013,12.7694949503421,12.7628376086152,12.7786998969379
"New Zealand",2013,6.36979216155304,5.2131968075063,6.54825631537786
"Oman",2013,0.0230547027439024,0.0180377743902439,0.0281628948170732
"Pakistan",2013,2.28299695155631,2.24815110333002,2.32608511842476
"Panama",2013,33.4287985150703,33.2539204016522,33.7528376030364
"Paraguay",2013,35.9007539570915,35.9007345711919,35.9007904299886
"Peru",2013,31.7330007972231,31.6353439269064,31.8550462702613
"Philippines",2013,2.50259158726368,1.48943465378774,2.66782875756634
"Poland",2013,4.96203381070543,4.3650705697284,5.87448285919249
"Portugal",2013,1.1948329305128,0.966532392901283,1.51128767941455
"Qatar",2013,0.021824,0.01724,0.026408
"Romania",2013,47.296191372758,47.0003174540663,47.7368856949344
"Russian Federation",2013,28.9232792766627,28.6697695801113,29.2567798381058
"Saudi Arabia",2013,0.0440892342641462,0.0316724948154512,0.0581572917114117
"Senegal",2013,44.3414063096883,44.0209985590564,44.9633837317607
"Serbia",2013,2.7682842655285,2.29319017244226,3.49358467804699
"Singapore",2013,0.0878710232223635,0.0655216517270851,0.111829213483146
"Slovakia",2013,33.2586242099126,32.9401932720658,33.7470553523932
"Slovenia",2013,2.81330686876234,2.48025698675278,3.32441546032913
"South Africa",2013,3.18663425643469,2.73032678317511,4.01779578771678
"Spain",2013,1.61642687119681,1.4033465943361,1.94726570311631
"Srilanka",2013,37.9915245516327,37.9623059947002,38.0251258212825
"South Sudan",2013,1.71749152542373,1.35782203389831,2.42288983050847
"Sudan",2013,400.652185014002,400.583028771295,400.787817024893
"Suriname",2013,37.4427647454167,37.2866212838782,37.7365351941346
"Sweden",2013,2.0541256665531,1.87686174792886,2.35307767208958
"Switzerland",2013,6.73592171669586,6.60223424948239,6.96042685802327
"Syria",2013,7.89310376037233,7.88443971836589,7.9027432168344
"Tajikistan",2013,34.9432416518008,34.9415637131505,34.9457321829138
"United Rep. of Tanzania",2013,10.7992631746599,10.6421534776902,11.0321840500808
"Thailand",2013,5.8145572380457,5.7807726246503,5.84574704712368
"Togo",2013,378.401766941935,378.316321780645,378.569345436559
"Trinidad",2013,0.489761094160968,0.325667801157286,0.654722755391899
"Tunisia",2013,2.08739386510009,1.92787062750218,2.25324390861619
"Turkey",2013,7.36532156464435,7.09002386100419,7.70181963504918
"Turkmenistan",2013,0.58536,0.41634,0.75438
"United Arab Emirates",2013,0.0239459229914707,0.0190473935719531,0.028941070211444
"United Kingdom",2013,1.4858157478096,1.14066609004633,2.02330326149962
"Ukraine",2013,31.4402976661189,30.9960246335071,32.0991115844323
"Uruguay",2013,176.831270168732,176.729863508269,177.022045270212
"USA",2013,2.39832871704082,2.05782461353,2.78538793459546
"Uzbekistan",2013,1.08367721200681,0.910840860687625,1.27091739949422
"Venezuela",2013,51.5192861516178,51.4326600679843,51.6575857925973
"Viet Nam",2013,28.9849496248221,28.7866527394699,29.2653426750634
"Yemen",2013,0.053847266313933,0.0379968818342152,0.0720731221634333
"Zambia",2013,494.413725352,494.413209352,494.414737352
"Zimbabwe",2013,601.482625687049,601.257838397408,601.893675754991
"Albania",2014,5.7920252,5.7920252,5.7920252
"Algeria",2014,2.42755300417795,2.26658190116123,2.59197221902182
"Angola",2014,12.5296786023734,12.3605470833861,12.861386155116
"Argentina",2014,26.6313964678223,26.4704896652736,26.8635708934083
"Armenia",2014,17.7342660702348,17.5445405889445,17.9849645192671
"Australia",2014,4.73923988341773,4.58207713693458,4.95612379373533
"Austria",2014,7.63281117914088,7.52483847937468,7.79447456794572
"Azerbaijan",2014,9.15420348107409,8.99119779440311,9.31973643238434
"Bahrain",2014,0.0218361090522144,0.017247849411074,0.0264252666495432
"Bangladesh",2014,11.8602769620258,11.8337192706335,11.889858710952
"Belarus",2014,1.22685482333957,1.05293416463797,1.40552267305887
"Belgium",2014,1.39636264170657,1.13628804241111,1.80304678965902
"Benin",2014,1.7248,1.3636,2.4332
"Bolivia",2014,16.5229103408025,16.3930203489791,16.6673424912522
"Bosnia Herzegovina",2014,3.10230293623762,2.68736406247525,3.73630988549505
"Botswana",2014,1.47695280898876,1.00627571305099,2.33737441659464
"Brazil",2014,42.7784677933746,42.6723549872505,42.955322986018
"Brunei",2014,0.0759639247669774,0.0573537727474479,0.0947917964935641
"Bulgaria",2014,20.8305290857344,20.401471972962,21.4867297754259
"Cambodia",2014,40.5693739405356,40.3462740045461,40.9332083951404
"Cameroon",2014,373.612690890176,373.521323918988,373.763055022291
"Canada",2014,14.6772600862196,14.5200581232218,14.8360588489802
"Chile",2014,2.12916359364476,1.86495890324294,2.58142774258545
"China",2014,2.00668185625643,1.54366082982159,2.73878770576686
"Colombia",2014,4.37241461309048,4.28120699382861,4.51010072556851
"Congo",2014,236.330025885371,236.267017468537,236.393034302204
"Dem. Rep. of the Congo",2014,493.445051294011,493.443986344859,493.447018570847
"Costa Rica",2014,42.602530975714,41.4117332542694,42.8410086266879
"Côte d'Ivoire",2014,0.441467342505431,0.304651556842868,0.602502486121168
"Croatia",2014,3.96377337022281,3.82471905415376,4.17045172347646
"Cuba",2014,1.92967916665496,1.57503091508004,2.57611638910668
"Curaçao",2014,1.36321556192661,1.0683432912844,1.91799229357798
"Cyprus",2014,1.80777555862069,1.39009971494253,2.52896301609195
"Czechia",2014,7.81292127625366,7.31984495991433,8.57188015109695
"Denmark",2014,0.934282809262079,0.650768342274351,1.39410912835482
"Dominican Republic",2014,5.81354006697792,5.49752650432865,6.36289355914312
"Ecuador",2014,29.6511056798609,29.4766236717974,29.9601408660213
"Egypt",2014,41.5515279096669,41.3668375719971,41.8038078376154
"El Salvador",2014,12.8850439502009,10.7975201738872,13.4830454334083
"Eritrea",2014,1.71584,1.35651636363636,2.42056
"Estonia",2014,1.74958816045155,1.14295627068777,2.6529301064583
"Ethiopia",2014,37.4839869791253,37.4838737384523,37.4842090712979
"Finland",2014,15.5713146627261,15.268526269035,16.0685885182787
"France",2014,2.66556096624846,2.40123564021164,3.10557935766038
"North Macedonia",2014,2.546878260722,2.0688230969706,3.27536872406401
"Gabon",2014,197.200414133333,197.078063382583,197.368119839039
"Georgia",2014,53.0537807151287,53.0205992745733,53.0869621556841
"Germany",2014,1.69828633573412,1.3248919864322,2.29817196005416
"Ghana",2014,994.671548681169,994.580841900332,994.821528284656
"Gibraltar",2014,1.92552,1.48064,2.69368
"Greece",2014,2.25277766419325,1.88363462500475,2.84147704367575
"Guatemala",2014,28.2421826485566,27.8302664242508,28.6928926179039
"Haiti",2014,6.98454801539206,6.62836240067764,7.65468051297193
"Honduras",2014,30.3785695213694,30.1259473732389,30.8528765182734
"China, Hong Kong SAR",2014,1.49747959655717,0.984688444862061,2.28576067901977
"Hungary",2014,3.41192456568037,3.01523255466109,4.01563452894943
"Iceland",2014,5.75340442615687,3.55632145755344,6.04261175827628
"India",2014,4.11314253435094,3.73254505400156,4.61071080712786
"Indonesia",2014,0.997208884538179,0.607371152021371,1.09030078949965
"Iran",2014,0.233730577736236,0.225507691785666,0.242781661451628
"Iraq",2014,3.20656820325714,3.18995565456159,3.22575823170715
"Ireland",2014,1.23858900567792,0.999789361410664,1.57641731249741
"Israel",2014,0.056642296046569,0.0411026351188068,0.0735030383220693
"Italy",2014,2.13612797464491,1.7661410367154,2.46750347050485
"Jamaica",2014,3.71273638335596,3.34668245028128,4.40143527035888
"Japan",2014,5.37641819063899,5.34957060977274,5.38311939771066
"Jordan",2014,0.275073423143798,0.255154761453348,0.298227899543359
"Kazakhstan",2014,64.1760498896124,63.6690751252694,64.9132964124358
"Kenya",2014,12.0270976741769,8.6359094236927,12.6050689674844
"Korea",2014,0.177177898319545,0.160584331921392,0.200158294737264
"Dem. People's Rep. of Korea",2014,48.3089595620638,48.1457023933776,48.570194523759
"Kosovo",2014,1.93928432011773,1.30007033005151,2.91617132342899
"Kuwait",2014,0.0530574428001228,0.0374863518575376,0.0709446739944734
"Kyrgyzstan",2014,0.149161992863025,0.0968264493549273,0.226463185561351
"Latvia",2014,5.68471239259778,5.5419334083596,5.8656864731582
"Lebanon",2014,0.776390986535205,0.755450561401515,0.80078982655303
"Libya",2014,1.04479190055922,0.791930105218521,1.45832951154223
"Lithuania",2014,3.91330521835797,3.7483552570207,4.13485025815783
"Luxembourg",2014,4.54834021531197,4.44093734178752,4.67438756775717
"Malaysia",2014,4.58721197678021,4.54556659944666,4.62320637923089
"Malta",2014,1.86719689977728,1.43579210690423,2.61208969265033
"Mauritius",2014,16.8851551234593,16.4893398017024,17.6333223689479
"Mexico",2014,8.09788279187558,7.74329266835819,8.41073366415913
"Rep. of Moldova",2014,10.6184529968407,10.4578546285077,10.780523545066
"Mongolia",2014,2.56067251511161,1.97514134770089,3.49025900283482
"Montenegro",2014,3.7386730413867,3.44403834236369,4.18888775931926
"Morocco",2014,12.0633330190818,11.7268605714913,12.6584060111864
"Mozambique",2014,85.5388559361763,85.5142520141976,85.5634598581551
"Myanmar",2014,41.1106616881995,41.1023369085852,41.1187550582638
"Namibia",2014,490.83678517757,490.833650598131,490.842932841122
"Nepal",2014,65.7315828341954,65.7315647225283,65.7316069545536
"Netherlands",2014,1.02920170250298,0.714976880962102,1.49080186504639
"Nicaragua",2014,8.54697255129097,7.19399567657162,9.11588353018635
"Niger",2014,1.56559819413093,1.14365146726862,2.35658871331828
"Nigeria",2014,74.317893568251,74.1846100783431,74.4514138857409
"Norway",2014,12.7587542769029,12.7525161094027,12.7672314695492
"New Zealand",2014,6.82359482996617,5.52964350991653,7.01529618200699
"Oman",2014,0.0230492131282615,0.0180342158747597,0.0281550670145564
"Pakistan",2014,2.26151071072597,2.2271369782513,2.3037372880524
"Panama",2014,31.5753179151502,31.3925500783891,31.9143490952945
"Paraguay",2014,35.8987472561391,35.8987049081777,35.898826930174
"Peru",2014,30.0502191836568,29.956017181951,30.1611020034967
"Philippines",2014,2.51891948652797,1.4607213079926,2.69119549375015
"Poland",2014,4.76101107456856,4.17332701676611,5.65964324533538
"Portugal",2014,1.20739588947772,0.98607098899858,1.51240173535769
"Qatar",2014,0.021824,0.01724,0.026408
"Romania",2014,53.1975444837688,52.9250920742128,53.6054159916256
"Russian Federation",2014,27.9556747591087,27.7010294315737,28.2908814297094
"Saudi Arabia",2014,0.0448398320494153,0.0321590604414283,0.0592275785841196
"Senegal",2014,41.9799819174929,41.6562442344721,42.6099833559723
"Serbia",2014,3.00539422897005,2.57547519491251,3.66173717083735
"Singapore",2014,0.0814679531003199,0.0608538023976348,0.102712607225305
"Slovakia",2014,30.4107507536732,30.0797278238531,30.9218475366373
"Slovenia",2014,3.02524404763205,2.73799846926421,3.46780422140047
"South Africa",2014,3.21611591117754,2.76390652160283,4.03981381360768
"Spain",2014,1.7069654167812,1.48545917534622,2.0548645080099
"Srilanka",2014,24.193252972227,24.1481094628778,24.2422041169986
"South Sudan",2014,1.71776,1.35803428571429,2.42326857142857
"Sudan",2014,388.294657955063,388.216455106962,388.448032533122
"Suriname",2014,38.6471576645,38.5003927103716,38.9232832608303
"Sweden",2014,2.05760442771978,1.88853338159937,2.34305034404316
"Switzerland",2014,6.59012931727047,6.45235907746666,6.82194434088857
"Syria",2014,7.29301077295387,7.28510403554634,7.30172450767563
"Tajikistan",2014,34.6996812574257,34.6932190792079,34.7092729405941
"United Rep. of Tanzania",2014,15.1667274581081,15.0420666472973,15.3464062869369
"Thailand",2014,5.54042826241299,5.50671379716009,5.57165164142367
"Togo",2014,410.0506816,409.988405737931,410.172819531035
"Trinidad",2014,0.489638079838302,0.325564623547246,0.654545678625568
"Tunisia",2014,1.92692517809702,1.76610400383094,2.09839078292734
"Turkey",2014,5.21296447506618,4.88033740331358,5.59625348623052
"Turkmenistan",2014,0.58536,0.41634,0.75438
"United Arab Emirates",2014,0.0286195692022518,0.02342070884251,0.0340711551558424
"United Kingdom",2014,1.47400754627489,1.15692284234114,1.96364661116693
"Ukraine",2014,22.0549117267424,21.611183944686,22.7137488023039
"Uruguay",2014,187.579148969321,187.513371822691,187.702868372235
"USA",2014,2.34510490843115,2.00550887542152,2.73076074635606
"Uzbekistan",2014,1.1005187811999,0.928949558597098,1.28605183071302
"Venezuela",2014,47.3740064562168,47.2730797083217,47.5345258543587
"Viet Nam",2014,29.1188448071315,28.9097686791024,29.4188570307758
"Yemen",2014,0.0507313933376878,0.0359749079033312,0.0676334317439582
"Zambia",2014,481.121102857127,481.110855694105,481.14120000631
"Zimbabwe",2014,624.04988886092,623.834044702484,624.444454759353
"Albania",2015,5.7920252,5.7920252,5.7920252
"Algeria",2015,1.51794321305852,1.35619748789209,1.6842713039914
"Angola",2015,12.528986684502,12.3598428659212,12.8607183597032
"Argentina",2015,23.7617684586628,23.5920018883657,24.0088667578371
"Armenia",2015,19.4659338740557,19.2726120045852,19.7277849908655
"Australia",2015,3.53836064767019,3.37665759095519,3.76085193770459
"Austria",2015,7.00198421598439,6.88188071511013,7.17936675762677
"Azerbaijan",2015,11.4830959442482,11.3009080270415,11.6865449032566
"Bahrain",2015,0.0218388959415812,0.0172496559471984,0.0264292405561017
"Bangladesh",2015,10.8217174324668,10.7944668696757,10.8524219661275
"Belarus",2015,1.16689048010387,0.992606744994425,1.34624417120181
"Belgium",2015,1.31301181356784,1.06333602837406,1.69692666761013
"Benin",2015,2.76809749575758,2.48127567757576,3.27902113212121
"Bolivia",2015,16.9501428686759,16.8215933356275,17.0931680610468
"Bosnia Herzegovina",2015,3.06067905996289,2.63794919240898,3.70659723770939
"Botswana",2015,1.47549811320755,1.00395754716981,2.33715943396226
"Brazil",2015,41.8518057347632,41.7463205113307,42.0274419612698
"Brunei",2015,0.0760399404761905,0.0574072261904762,0.0949008047619048
"Bulgaria",2015,23.679290026426,23.2531915093219,24.3314024695478
"Cambodia",2015,30.9418964798726,30.6167926954742,31.4616256947919
"Cameroon",2015,319.58872153278,319.463616138589,319.805418225852
"Canada",2015,14.5309036640856,14.3797083546024,14.683427187779
"Chile",2015,2.06847977266388,1.80831947858135,2.51197043259199
"China",2015,1.99932433392889,1.54784639109164,2.71323311475939
"Colombia",2015,4.11274976884077,4.00656583241859,4.27345289101619
"Congo",2015,165.138002732808,165.047859373196,165.248043242207
"Dem. Rep. of the Congo",2015,493.07896318749,493.077560529163,493.081645595622
"Costa Rica",2015,47.5405351847364,46.5636593375296,47.687194806453
"Côte d'Ivoire",2015,0.469290414418551,0.321501136494088,0.639399977040524
"Croatia",2015,3.55930405936683,3.38572718486012,3.81690184942208
"Cuba",2015,1.74854255152208,1.39319487309148,2.39613236323344
"Curaçao",2015,1.32647498780488,1.03954993902439,1.86629970731707
"Cyprus",2015,1.77733775523705,1.36669438588754,2.48638246527012
"Czechia",2015,8.19532902927216,7.69999948950675,8.95690073217589
"Denmark",2015,0.802084788944494,0.568595485011405,1.18206589905716
"Dominican Republic",2015,4.55839795536183,4.23423463002567,5.12540714522959
"Ecuador",2015,31.7757924154301,31.6141789682756,32.0615889276252
"Egypt",2015,38.2861539965785,38.0986904950757,38.5448706453548
"El Salvador",2015,11.4957255295781,9.34229035946464,12.1316065569296
"Eritrea",2015,1.71608888888889,1.35671313131313,2.42091111111111
"Estonia",2015,1.72265711530871,1.13273599009233,2.60215690180612
"Ethiopia",2015,36.5544043978826,36.5542672159609,36.5546734445974
"Finland",2015,18.935103295109,18.664963866271,19.3796393418749
"France",2015,2.48189890301462,2.21629269314366,2.92236114288589
"North Macedonia",2015,2.89712848005668,2.49311376167198,3.51288310279844
"Gabon",2015,214.086347797273,213.974170082181,214.235743001787
"Georgia",2015,51.5332875666796,51.4961696325893,51.5704055007699
"Germany",2015,1.62635918131098,1.26636913258539,2.20383823474836
"Ghana",2015,782.055484900357,781.956423965712,782.190169262031
"Gibraltar",2015,1.92552,1.48064,2.69368
"Greece",2015,2.46437021842349,2.13709582894128,2.98113061785287
"Guatemala",2015,21.8771665211242,21.4280071838522,22.4026857256794
"Haiti",2015,6.55858895869942,6.19960832286127,7.23398004733141
"Honduras",2015,25.7309648542331,25.4884570884774,26.1865448586949
"China, Hong Kong SAR",2015,1.36879985129378,0.904656059245819,2.06975257589145
"Hungary",2015,2.93144580895257,2.54332999867589,3.51964955401186
"Iceland",2015,5.48686758471605,3.46417597771568,5.75316220889819
"India",2015,3.80125758732578,3.41779529464069,4.30248050093126
"Indonesia",2015,0.951775836200215,0.569634171599216,1.04323836821095
"Iran",2015,0.228983226189187,0.22205178471224,0.236465015629488
"Iraq",2015,2.75273576011501,2.73729754138685,2.77049792713109
"Ireland",2015,1.24441600222989,1.00602518389756,1.58661765228097
"Israel",2015,0.065617128126304,0.0508850743163205,0.081578646763616
"Italy",2015,1.90222713393985,1.52163326059316,2.23670141704933
"Jamaica",2015,3.61005635472829,3.24391946972101,4.29891130863416
"Japan",2015,5.73282524515224,5.7057706071698,5.73962186186993
"Jordan",2015,0.229092451240139,0.216156444929,0.243798153564742
"Kazakhstan",2015,70.8821938796014,70.3780970189484,71.6159201729478
"Kenya",2015,12.8213332978179,9.25815476767754,13.3807630253159
"Korea",2015,0.142486825035931,0.125678062187571,0.16566883908703
"Dem. People's Rep. of Korea",2015,48.4488985055689,48.2916458630705,48.7033221554925
"Kosovo",2015,1.92238828605981,1.27990587880373,2.90425394221278
"Kuwait",2015,0.0518916931818182,0.0367306818181818,0.0692823977272727
"Kyrgyzstan",2015,0.251686194934766,0.161748414428243,0.384251677666923
"Latvia",2015,5.04009785584674,4.88544379475872,5.23558293085126
"Lebanon",2015,1.71597844922611,1.69534028525056,1.74002510815906
"Libya",2015,1.04080368958439,0.788577291994348,1.45261194849511
"Lithuania",2015,3.42591536139469,3.25064097258463,3.66346216050274
"Luxembourg",2015,6.16302488396602,6.08153664101591,6.26695338721981
"Malaysia",2015,4.68621206445648,4.64243125931669,4.72333567509575
"Malta",2015,1.78534804597701,1.37285394636015,2.49758835249042
"Mauritius",2015,21.6912791388722,21.3030012609943,22.4269326590591
"Mexico",2015,6.46215977908996,6.10294501207098,6.77342836630256
"Rep. of Moldova",2015,8.0563147042961,7.89360915902181,8.22013528592201
"Mongolia",2015,2.41515848243062,1.83047000356249,3.34307990416107
"Montenegro",2015,3.54761714237762,3.21636679272727,4.05378217734266
"Morocco",2015,12.6510322416755,12.3198257704277,13.2362322929329
"Mozambique",2015,77.5627388327261,77.5241149218129,77.6037134964232
"Myanmar",2015,38.8002710054502,38.7915154240476,38.8088082039474
"Namibia",2015,484.195922882292,484.187404392708,484.212330955208
"Nepal",2015,65.7370383433179,65.7370383433179,65.7370383433179
"Netherlands",2015,1.07825112784924,0.741678969391425,1.58261503512261
"Nicaragua",2015,7.09787061843886,5.73937865337336,7.68507729966157
"Niger",2015,1.60459510357815,1.19833672316384,2.37408361581921
"Nigeria",2015,79.0043870253214,78.8727704526773,79.136260473948
"Norway",2015,12.7396292842624,12.7334639760561,12.7480258716464
"New Zealand",2015,6.9351216700684,5.56378925752087,7.13593183673506
"Oman",2015,0.0230659949935893,0.0180450943281031,0.0281789967641492
"Pakistan",2015,2.30614237754654,2.27499175916167,2.34423029669154
"Panama",2015,35.1346879831002,34.9896966621989,35.402960753108
"Paraguay",2015,35.9018364297609,35.9018294302632,35.9018495987118
"Peru",2015,30.3984607454397,30.3076958564218,30.5037542170776
"Philippines",2015,2.4689954202684,1.40516809569582,2.64269384715494
"Poland",2015,4.29409588917754,3.71912903072861,5.1728220616967
"Portugal",2015,1.1270300854979,0.861208139675696,1.49654085848531
"Qatar",2015,0.021824,0.01724,0.026408
"Romania",2015,46.6169588393402,46.3396894686391,47.0304623568978
"Russian Federation",2015,26.7882797886431,26.5301623998329,27.1291674467818
"Saudi Arabia",2015,0.0426340756039747,0.0307284675269402,0.0560834880682859
"Senegal",2015,41.2731741288364,40.9464989180438,41.9108321389545
"Serbia",2015,2.8024827444065,2.33295899773565,3.51947690467596
"Singapore",2015,0.0816605841927806,0.0609533980563269,0.103000909262198
"Slovakia",2015,28.8213839283314,28.4838193630413,29.3430407621418
"Slovenia",2015,2.68874664202384,2.34728813209007,3.21385223805033
"South Africa",2015,3.0650254293485,2.61602791998558,3.88292021855761
"Spain",2015,1.55888952513979,1.31483599672688,1.94204285356054
"Srilanka",2015,29.9292611955121,29.8894552783523,29.967622822731
"South Sudan",2015,1.71883183391003,1.35888166089965,2.42478062283737
"Sudan",2015,320.140954956082,320.012858658082,320.39218257929
"Suriname",2015,37.2954442242161,37.1397523818778,37.5883649903809
"Sweden",2015,2.06950359022326,1.92450307798481,2.31436350830459
"Switzerland",2015,6.89793647418119,6.77302789296441,7.10781960235602
"Syria",2015,1.54808305402514,1.53871822653098,1.55847790087198
"Tajikistan",2015,34.7150166454959,34.7088556992192,34.7241612160587
"United Rep. of Tanzania",2015,12.0658111261785,11.9117960190412,12.3001633999568
"Thailand",2015,4.61803039988675,4.58597823692662,4.64789058757092
"Togo",2015,342.836544711111,342.72506322963,343.05518668642
"Trinidad",2015,0.489520194174757,0.325465747572816,0.65437598446602
"Tunisia",2015,2.25214379585787,2.08573595829442,2.43839666895431
"Turkey",2015,7.72729599356826,7.38949979870458,8.08747076060814
"Turkmenistan",2015,0.58536,0.41634,0.75438
"United Arab Emirates",2015,0.0280825140775403,0.0229216016833378,0.0334776386790823
"United Kingdom",2015,1.43475964807888,1.14479934354271,1.88242339151306
"Ukraine",2015,18.7049837003433,18.2681979406386,19.3550910437287
"Uruguay",2015,153.2932816518,153.212078490372,153.446058392722
"USA",2015,2.25766969494508,1.93690582368159,2.61751482041764
"Uzbekistan",2015,1.15668703398581,0.987785443865096,1.33924131315884
"Venezuela",2015,46.435224028337,46.3348920518844,46.5911568789428
"Viet Nam",2015,23.8646163366551,23.5976215498021,24.2583014237893
"Yemen",2015,0.0501946548381797,0.0355747198948579,0.0669476839165435
"Zambia",2015,480.288495143457,480.277638451246,480.309787725854
"Zimbabwe",2015,592.239132629572,592.009922985059,592.657989837197
"Albania",2016,5.7920252,5.7920252,5.7920252
"Algeria",2016,1.99461851408933,1.83301497027762,2.16096569495612
"Angola",2016,13.1288621906669,12.9703818123251,13.4396802970273
"Argentina",2016,23.0351498346976,22.8685331739178,23.2736109141705
"Armenia",2016,21.9446660379986,21.7643279628107,22.1873754050526
"Australia",2016,3.89716021443778,3.73585514371441,4.12031696073401
"Austria",2016,7.04756564873516,6.93836869445388,7.2076903050762
"Azerbaijan",2016,13.5237940889352,13.3310449269106,13.7490661700477
"Bahrain",2016,0.0218273071904595,0.0172421438091898,0.0264127158190109
"Bangladesh",2016,15.7157917957946,15.6886020564932,15.7464844400023
"Belarus",2016,1.3687112133528,1.19281749887982,1.55155076349282
"Belgium",2016,1.38721622314617,1.13200122238868,1.78778687657414
"Benin",2016,10.5997480724638,10.2567480724638,11.2685625652174
"Bolivia",2016,11.663164549814,11.5185752087576,11.8255177616325
"Bosnia Herzegovina",2016,2.92996366536613,2.48292507415771,3.61311110443857
"Botswana",2016,1.46668333333333,0.99129375,2.33368125
"Brazil",2016,44.442015369925,44.3518042003916,44.5947278112393
"Brunei",2016,0.076150331381733,0.0574859543325527,0.0950551475409836
"Bulgaria",2016,19.4355123990017,19.0116655716942,20.0842512708351
"Cambodia",2016,31.8003582131284,31.4860290172041,32.3045610209582
"Cameroon",2016,307.148099579877,307.018329550986,307.371680336063
"Canada",2016,14.7004091283601,14.552980397042,14.8493378542779
"Chile",2016,1.98556872484804,1.72239155243163,2.43428595299652
"China",2016,1.97637254179963,1.53403548217716,2.67610183552982
"Colombia",2016,4.21840222313802,4.11498459505972,4.37778840643057
"Congo",2016,159.990584672925,159.90029308735,160.095483699828
"Dem. Rep. of the Congo",2016,493.173887551877,493.172508241533,493.176559122759
"Costa Rica",2016,46.976106956425,46.0270750935447,47.1238822390277
"Côte d'Ivoire",2016,0.38030873284265,0.250877382136463,0.513745971752536
"Croatia",2016,3.4338242940156,3.25887363098908,3.69158310056786
"Cuba",2016,1.79623540507577,1.44081726205103,2.44430821571219
"Curaçao",2016,1.33654824660633,1.04744428733032,1.88047239819005
"Cyprus",2016,1.7785848608838,1.36765335515548,2.48812708674304
"Czechia",2016,8.50174679721759,8.00557279680947,9.26258302379575
"Denmark",2016,0.905590433242508,0.639190239366628,1.33844448793385
"Dominican Republic",2016,6.29555653133005,5.97640996292815,6.8582536566845
"Ecuador",2016,36.131273404907,35.9919374284847,36.3788414366856
"Egypt",2016,36.2970527260895,36.1190041945309,36.5299317256602
"El Salvador",2016,11.0944282428797,8.89734506204458,11.7413062165946
"Eritrea",2016,1.71624019851117,1.35683275434243,2.42112456575682
"Estonia",2016,1.76500500746551,1.16423302487681,2.6612438855864
"Ethiopia",2016,36.977338278777,36.9772240563088,36.9775622964859
"Finland",2016,17.8999818874231,17.6187098683406,18.3647802444642
"France",2016,2.55659695018789,2.29955201681416,2.9797587580002
"North Macedonia",2016,2.83635546776554,2.46803246598934,3.39096616048313
"Gabon",2016,202.380930411301,202.267505240069,202.527202842808
"Georgia",2016,53.2082572338725,53.1749353676205,53.2420160519129
"Germany",2016,1.61401873392899,1.26217450998854,2.17439127012035
"Ghana",2016,862.062345141849,861.948675417078,862.25176250247
"Gibraltar",2016,1.92552,1.48064,2.69368
"Greece",2016,2.17733384539668,1.88166957382667,2.63266909843219
"Guatemala",2016,21.2515265095197,20.7654730123309,21.7831075842185
"Haiti",2016,5.69855531163284,5.33393138174354,6.38456377104244
"Honduras",2016,26.2517758943983,26.0275974155186,26.6719200626779
"China, Hong Kong SAR",2016,1.36691417389714,0.904490070457871,2.06527584282877
"Hungary",2016,2.95735278281299,2.58127277999185,3.52344763423296
"Iceland",2016,5.56920578894825,3.4927564822097,5.84253756684582
"India",2016,3.66740391662498,3.2850312864668,4.16746741949977
"Indonesia",2016,1.00764832308602,0.627179701938073,1.09696404743259
"Iran",2016,0.254183696793898,0.247653126833954,0.261197980618536
"Iraq",2016,3.12274165052518,3.10669199584568,3.14124903295677
"Ireland",2016,1.14124600337638,0.909163656758652,1.46639914967947
"Israel",2016,0.0367485081223125,0.0242051000955566,0.0502612474916388
"Italy",2016,1.79517572541178,1.42730563016317,2.10600070263494
"Jamaica",2016,3.31946908681745,2.96245669416533,3.98840903400459
"Japan",2016,5.31554421517304,5.28934981880406,5.32221732952301
"Jordan",2016,0.166195572567027,0.160004026269322,0.172771251853429
"Kazakhstan",2016,88.3080875568158,87.8318861121536,88.9987665128026
"Kenya",2016,11.7245203174528,8.38222110388929,12.3089449114677
"Korea",2016,0.154895184237528,0.138244985900512,0.177983922273052
"Dem. People's Rep. of Korea",2016,50.2601684689826,50.1197278940092,50.4876748053882
"Kosovo",2016,1.98448094619629,1.35390409449925,2.94815726286574
"Kuwait",2016,0.0519544021456901,0.0367712431877193,0.0693719506947813
"Kyrgyzstan",2016,0.223126192127884,0.143276267531292,0.340549481224551
"Latvia",2016,5.75894566571206,5.61664018711284,5.93883374353307
"Lebanon",2016,1.35952145138984,1.33876861676439,1.38370171939826
"Libya",2016,0.932266110348614,0.697329431786989,1.29700965138622
"Lithuania",2016,3.8813122064135,3.71951912624473,4.11422005451477
"Luxembourg",2016,7.61602260982712,7.55391109026388,7.70902075359418
"Malaysia",2016,6.41302462118218,6.36892645285587,6.4500606577582
"Malta",2016,1.64050713286713,1.26147766899767,2.29496512820513
"Mauritius",2016,17.8096809204471,17.4182396318212,18.5500894674556
"Mexico",2016,6.25738913615465,5.90695742002308,6.56807178202256
"Rep. of Moldova",2016,7.21652109736932,7.0524998640246,7.38209603758114
"Mongolia",2016,2.39581526568555,1.80907962037057,3.32619466272102
"Montenegro",2016,3.85743890954473,3.5855655571092,4.27287329349889
"Morocco",2016,9.30691287569771,8.97651876226004,9.89090223508292
"Mozambique",2016,72.4807469082064,72.4352609082064,72.526535513711
"Myanmar",2016,35.9355448211903,35.927097198973,35.9440609809956
"Namibia",2016,473.581580803941,473.561539424631,473.618441887685
"Nepal",2016,65.7616563158624,65.7616563158624,65.7616563158624
"Netherlands",2016,1.02220018465958,0.704444259235149,1.49186411133389
"Nicaragua",2016,8.90973061356132,7.50916188343716,9.49971046980179
"Niger",2016,1.60311178707224,1.19842129277567,2.37001368821293
"Nigeria",2016,78.7208464533501,78.5891126379123,78.8528640983745
"Norway",2016,12.7987589853552,12.7930235456707,12.8064910529887
"New Zealand",2016,7.25965662623189,5.87428210137051,7.45574528481765
"Oman",2016,0.0231187107631179,0.0180792660979315,0.0282541657122823
"Pakistan",2016,1.95480038499016,1.92152891273914,1.99488857640628
"Panama",2016,34.6302027435238,34.4914039193459,34.8873875533713
"Paraguay",2016,35.9019134258534,35.9019073073984,35.9019249371987
"Peru",2016,28.9119663467536,28.8160550013989,29.0250642661986
"Philippines",2016,2.23064736429367,1.25668603451405,2.39360345695091
"Poland",2016,4.43360111563237,3.86826766707714,5.29627603326672
"Portugal",2016,1.13389610390805,0.921709239216115,1.42710023193935
"Qatar",2016,0.021824,0.01724,0.026408
"Romania",2016,51.5904200383884,51.3300871689354,51.9775856252277
"Russian Federation",2016,28.7255185169862,28.4659148003039,29.0702553726554
"Saudi Arabia",2016,0.0406971430858376,0.0294729182689798,0.0533215259705232
"Senegal",2016,41.5218642351357,41.200327237155,42.1498595683195
"Serbia",2016,2.83529464804026,2.37561254494433,3.53693263034925
"Singapore",2016,0.0812823723319852,0.060680627551909,0.102480809741278
"Slovakia",2016,31.7192380981451,31.3873479839713,32.2326262613878
"Slovenia",2016,2.76022732091636,2.42092773000727,3.28173723000727
"South Africa",2016,3.15633545422023,2.71328655235394,3.96311044739522
"Spain",2016,1.66794789835544,1.44956581983215,2.00922837933603
"Srilanka",2016,19.6051744975609,19.5542263471829,19.6576671760823
"South Sudan",2016,1.71910759075908,1.359099669967,2.4251696369637
"Sudan",2016,277.025463334507,276.865803371932,277.338594889015
"Suriname",2016,37.2325329241098,37.076615297997,37.5258784829624
"Sweden",2016,1.99281331569489,1.82586016089712,2.27470940543272
"Switzerland",2016,6.81424565179185,6.68802795175228,7.02599214644954
"Syria",2016,3.4161910654174,3.40590795057641,3.42772515066475
"Tajikistan",2016,33.871726912688,33.8490012859471,33.9054581104596
"United Rep. of Tanzania",2016,11.1196190547232,10.9721056918353,11.3293161794858
"Thailand",2016,6.28859907304068,6.2543796799199,6.32179212073452
"Togo",2016,435.5710492,435.527456096552,435.656545751724
"Trinidad",2016,0.490639057132188,0.326390944734877,0.655978743465273
"Tunisia",2016,1.58377651919009,1.42653396857057,1.74565329968772
"Turkey",2016,7.53189633266734,7.14265230363029,7.93027662537018
"Turkmenistan",2016,0.58536,0.41634,0.75438
"United Arab Emirates",2016,0.0283868539769746,0.0232082928485447,0.0338098911077502
"United Kingdom",2016,1.26814445248691,1.03099511193088,1.6175987472871
"Ukraine",2016,24.2863090175813,23.8453401486902,24.9423996989202
"Uruguay",2016,143.955964285889,143.88964724404,144.080734077398
"USA",2016,2.32717592803946,2.0188958393128,2.67147935740773
"Uzbekistan",2016,1.16170222152312,0.993029449978675,1.34401104849169
"Venezuela",2016,44.4248060896483,44.3191083206156,44.5876003447271
"Viet Nam",2016,24.5929306963681,24.314344480438,25.009315528653
"Yemen",2016,0.0472261825227669,0.033377345475683,0.063130892462701
"Zambia",2016,466.84514000342,466.821246989312,466.890172718256
"Zimbabwe",2016,485.620975007764,485.348562359543,486.119033505788
"Albania",2017,5.7907454772426,5.7907454772426,5.7907454772426
"Algeria",2017,0.825446227493489,0.666328118624536,0.986030452282354
"Angola",2017,16.232179570529,16.1288640373636,16.4348061588301
"Argentina",2017,24.6197772878621,24.4715582843261,24.8157138738073
"Armenia",2017,20.0531913801983,19.8655039313896,20.3055606062125
"Australia",2017,4.0880527908363,3.92911524554876,4.30815501083645
"Austria",2017,6.65970975947858,6.55115797256253,6.81571332840348
"Azerbaijan",2017,12.3580615711854,12.1808575623042,12.5533007348711
"Bahrain",2017,0.0218272262788708,0.0172420913601369,0.0264126004448246
"Bangladesh",2017,15.1151967250024,15.0872530351299,15.1470636722528
"Belarus",2017,2.68233439674055,2.51201864706649,2.8562126601043
"Belgium",2017,1.34665085069913,1.09650599202556,1.73809727781902
"Benin",2017,2.65406215589124,2.38467847009063,3.1175002223565
"Bolivia",2017,14.1712638179368,14.0348430341937,14.3239051435765
"Bosnia Herzegovina",2017,2.672818440073,2.17662034723932,3.43111013310135
"Botswana",2017,1.46739649122807,0.991858060244952,2.33468652763985
"Brazil",2017,42.525579584379,42.4333285925738,42.6802502425738
"Brunei",2017,0.0761811101756074,0.057506705556892,0.095102489776281
"Bulgaria",2017,15.1532778963695,14.7111379253086,15.8303041246377
"Cambodia",2017,26.8162524566562,26.4495834103572,27.4005706760046
"Cameroon",2017,298.363356753953,298.231329374744,298.588919711493
"Canada",2017,15.0671189011576,14.924793909777,15.211206506394
"Chile",2017,1.87012391249204,1.60862601821247,2.3030821218175
"China",2017,1.93137230115635,1.49118285898164,2.62808249441533
"Colombia",2017,4.91345031598004,4.85265797467352,5.00562735268879
"Congo",2017,148.376181611338,148.28276450542,148.477195335853
"Dem. Rep. of the Congo",2017,493.665623351756,493.664602279201,493.667593656698
"Costa Rica",2017,48.4274350636192,47.6684448823477,48.5407048469776
"Côte d'Ivoire",2017,0.421254579147567,0.280583048863747,0.570290334536233
"Croatia",2017,2.91820627514019,2.76630348809079,3.1293587117223
"Cuba",2017,1.85726725990515,1.50108349981175,2.50774349592032
"Curaçao",2017,1.10740180695847,0.867863692480359,1.55807209876543
"Cyprus",2017,1.77814306954436,1.36731363709033,2.48750904876099
"Czechia",2017,7.88266178044802,7.39411123937967,8.63254993782883
"Denmark",2017,0.831721114833596,0.600095364003995,1.21148130298399
"Dominican Republic",2017,8.19967175508536,7.91541302892052,8.68457261709093
"Ecuador",2017,42.4002197575376,42.3014809872051,42.5715519771454
"Egypt",2017,37.404537966337,37.2320707104523,37.622791358415
"El Salvador",2017,13.859052843462,11.5273006708211,14.4300723094459
"Eritrea",2017,1.71664491725768,1.35715271867612,2.42169550827423
"Estonia",2017,1.74265664800744,1.14495793607998,2.63426080518019
"Ethiopia",2017,36.9846819100021,36.9845782806807,36.9848851520047
"Finland",2017,17.0818234741998,16.8075706392719,17.5362719158929
"France",2017,2.36986994175041,2.10894096076159,2.79753327268222
"North Macedonia",2017,2.30151265671429,1.864723371,2.95639942457143
"Gabon",2017,194.370119543558,194.253590709202,194.520272917791
"Georgia",2017,52.7276898735236,52.693910222149,52.7621548080479
"Germany",2017,1.5324085284759,1.20407012254202,2.05389959023315
"Ghana",2017,613.942439513222,613.818768202445,614.114508549332
"Gibraltar",2017,1.92552,1.48064,2.69368
"Greece",2017,1.82064278440271,1.52567964033583,2.27079793802338
"Guatemala",2017,28.8690831199961,28.4689300721566,29.2968071408295
"Haiti",2017,8.95346417989583,8.61057872535038,9.59857357383523
"Honduras",2017,32.1911695086399,31.913957921695,32.5766545230861
"China, Hong Kong SAR",2017,1.34484687406487,0.891165553704054,2.02770735525427
"Hungary",2017,2.65478483873323,2.2936559181041,3.19425138827538
"Iceland",2017,5.51740980197531,3.47505366288284,5.78621464214372
"India",2017,3.60731781971661,3.22652094525912,4.10534374986417
"Indonesia",2017,1.1032926356112,0.666366830432858,1.20184375116468
"Iran",2017,0.221502072614639,0.21532417737877,0.228082732007822
"Iraq",2017,1.26638981806147,1.25164067568179,1.28329794502306
"Ireland",2017,1.03464487940719,0.826099881674765,1.32112809806608
"Israel",2017,0.0357225005762922,0.0237910273369389,0.0485673449773916
"Italy",2017,1.64460255107325,1.28623883353277,1.94414905602542
"Jamaica",2017,3.63452165264672,3.30894991023978,4.23355642770952
"Japan",2017,5.61119708136258,5.5852941878463,5.61795791624585
"Jordan",2017,0.147253859464355,0.14075503056262,0.1542206741079
"Kazakhstan",2017,88.0964522624893,87.610593762373,88.8023937786634
"Kenya",2017,11.7493820908446,8.13083656585432,12.3676161086672
"Korea",2017,0.160865566645452,0.144125097313318,0.184524395736265
"Dem. People's Rep. of Korea",2017,52.0870667095094,51.963520868966,52.2874622077288
"Kosovo",2017,1.9472553546198,1.3096678588442,2.92161986965867
"Kuwait",2017,0.0527616174094631,0.037294419959334,0.0705231068857504
"Kyrgyzstan",2017,0.143306269580352,0.0922025256236705,0.218630056081996
"Latvia",2017,8.13788275354402,8.02885275487186,8.28318355290665
"Lebanon",2017,1.21003159468208,1.18923066982659,1.23426789526012
"Libya",2017,0.939069945919504,0.703049281191401,1.30676373617414
"Lithuania",2017,4.30634313086697,4.16417408381658,4.51690443967996
"Luxembourg",2017,7.01107496917226,6.94519305418345,7.11282866939597
"Malaysia",2017,8.07599528789924,8.03265982440943,8.112379969818
"Malta",2017,0.655465969604863,0.469878662613982,0.880947404255319
"Mauritius",2017,15.6337362128603,15.2455357694013,16.3678488514412
"Mexico",2017,6.44957728639343,6.10578409806323,6.75949673233862
"Rep. of Moldova",2017,10.2736298102719,10.1119006622356,10.4377227045317
"Mongolia",2017,2.31157986006969,1.7433016629567,3.2140392901344
"Montenegro",2017,3.18691241395087,2.82603452430125,3.7383496269996
"Morocco",2017,8.60643362326766,8.27207712772656,9.19941301589238
"Mozambique",2017,83.6947835162488,83.6672630360228,83.7223039964748
"Myanmar",2017,37.0078570765159,36.9957930944893,37.0189411564374
"Namibia",2017,475.479640111392,475.460703402532,475.514171756962
"Nepal",2017,65.7850881152911,65.7850881152911,65.7850881152911
"Netherlands",2017,0.933606461457871,0.643423271282193,1.35434799036799
"Nicaragua",2017,9.71967236938784,8.22913127767514,10.3168461196641
"Niger",2017,1.60371014492754,1.19878043478261,2.37103695652174
"Nigeria",2017,76.8897532672812,76.7573657428421,77.0224209394408
"Norway",2017,12.7327521416843,12.7268086873226,12.7408866374964
"New Zealand",2017,7.05388553272455,5.67779807434221,7.25095737869397
"Oman",2017,0.0231785776449095,0.0181180734097326,0.0283395316392626
"Pakistan",2017,1.61177823500594,1.57656519391725,1.65017323100676
"Panama",2017,37.7977922122885,37.6846919625373,38.0095700957379
"Paraguay",2017,35.9019070428235,35.9018939681816,35.9019316416339
"Peru",2017,33.9182144039193,33.8351849577951,34.0199493678257
"Philippines",2017,2.10309400136454,1.22842234442908,2.25240778948577
"Poland",2017,4.75711671615757,4.20518101293403,5.59764624567976
"Portugal",2017,1.00931995362956,0.749921967359537,1.35868967768394
"Qatar",2017,0.021824,0.01724,0.026408
"Romania",2017,42.0756885432857,41.7997212770483,42.4851411048759
"Russian Federation",2017,28.7180962887672,28.4575095955445,29.0646579393732
"Saudi Arabia",2017,0.0388718804089095,0.0282895042719317,0.0507191811690029
"Senegal",2017,36.4682862862647,36.1463531204355,37.0970727184255
"Serbia",2017,2.72622631503091,2.25026160049453,3.4523126546179
"Singapore",2017,0.0813228566792654,0.0606738396709044,0.102548835853091
"Slovakia",2017,31.0956426922669,30.7611319362643,31.6124763716959
"Slovenia",2017,2.62740190203112,2.27832320853608,3.16407797700355
"South Africa",2017,3.71195732064327,3.27329217526868,4.51077205015796
"Spain",2017,1.37677181198929,1.13533181373015,1.75098166495927
"Srilanka",2017,16.9103402569704,16.8573654050342,16.9668550918223
"South Sudan",2017,1.71525313653137,1.35605239852399,2.41973210332103
"Sudan",2017,298.453123371458,298.309150008956,298.735489733574
"Suriname",2017,37.2562823580879,37.1005188007757,37.5493380497876
"Sweden",2017,1.97929864620138,1.81406357235054,2.25852595481629
"Switzerland",2017,6.8631517730373,6.7401011379028,7.06986329485568
"Syria",2017,2.76308309570731,2.75239565782678,2.77509713816247
"Tajikistan",2017,33.2291767306012,33.1938295361659,33.2816418713763
"United Rep. of Tanzania",2017,10.9337474472299,10.7866168881925,11.1410222028077
"Thailand",2017,8.73863924645532,8.70569305319035,8.77029997603017
"Togo",2017,437.6977465,437.655710293103,437.780189603448
"Trinidad",2017,0.49040332003988,0.326194892594942,0.655640391552615
"Tunisia",2017,0.87155586726893,0.713906442818981,1.03384271947156
"Turkey",2017,6.27371642049947,5.85909573763696,6.67383875824393
"Turkmenistan",2017,0.58536,0.41634,0.75438
"United Arab Emirates",2017,0.0279616982453011,0.022834098385023,0.0333200538672493
"United Kingdom",2017,1.23693894244774,1.01641970003783,1.56146422760806
"Ukraine",2017,28.6428526541593,28.2202203162373,29.2733742568664
"Uruguay",2017,133.965323249589,133.906642571971,134.07530291078
"USA",2017,2.48754190029285,2.18365902385422,2.8265045816297
"Uzbekistan",2017,1.21403456655939,1.04778908176436,1.39371741010759
"Venezuela",2017,46.0962705364093,46.0017183890612,46.2366809917574
"Viet Nam",2017,30.2330359609014,29.9865243585074,30.6025931874454
"Yemen",2017,0.0426924123401053,0.0303415500376223,0.0568136343115124
"Zambia",2017,425.981957558886,425.921010530335,426.095578933578
"Zimbabwe",2017,605.966220804215,605.74357255395,606.373492384279
"Albania",2018,5.7907454772426,5.7907454772426,5.7907454772426
"Algeria",2018,0.825446227493489,0.666328118624536,0.986030452282354
"Angola",2018,16.232179570529,16.1288640373636,16.4348061588301
"Argentina",2018,24.6197772878621,24.4715582843261,24.8157138738073
"Armenia",2018,20.0531913801983,19.8655039313896,20.3055606062125
"Australia",2018,4.0880527908363,3.92911524554876,4.30815501083645
"Austria",2018,6.65970975947858,6.55115797256253,6.81571332840348
"Azerbaijan",2018,12.3580615711854,12.1808575623042,12.5533007348711
"Bahrain",2018,0.0218272262788708,0.0172420913601369,0.0264126004448246
"Bangladesh",2018,15.1151967250024,15.0872530351299,15.1470636722528
"Belarus",2018,2.68233439674055,2.51201864706649,2.8562126601043
"Belgium",2018,1.34665085069913,1.09650599202556,1.73809727781902
"Benin",2018,2.65406215589124,2.38467847009063,3.1175002223565
"Bolivia",2018,14.1712638179368,14.0348430341937,14.3239051435765
"Bosnia Herzegovina",2018,2.672818440073,2.17662034723932,3.43111013310135
"Botswana",2018,1.46739649122807,0.991858060244952,2.33468652763985
"Brazil",2018,42.525579584379,42.4333285925738,42.6802502425738
"Brunei",2018,0.0761811101756074,0.057506705556892,0.095102489776281
"Bulgaria",2018,15.1532778963695,14.7111379253086,15.8303041246377
"Cambodia",2018,26.8162524566562,26.4495834103572,27.4005706760046
"Cameroon",2018,298.363356753953,298.231329374744,298.588919711493
"Canada",2018,15.0671189011576,14.924793909777,15.211206506394
"Chile",2018,1.87012391249204,1.60862601821247,2.3030821218175
"China",2018,1.93137230115635,1.49118285898164,2.62808249441533
"Colombia",2018,4.91345031598004,4.85265797467352,5.00562735268879
"Congo",2018,148.376181611338,148.28276450542,148.477195335853
"Dem. Rep. of the Congo",2018,493.665623351756,493.664602279201,493.667593656698
"Costa Rica",2018,48.4274350636192,47.6684448823477,48.5407048469776
"Côte d'Ivoire",2018,0.421254579147567,0.280583048863747,0.570290334536233
"Croatia",2018,2.91820627514019,2.76630348809079,3.1293587117223
"Cuba",2018,1.85726725990515,1.50108349981175,2.50774349592032
"Curaçao",2018,1.10740180695847,0.867863692480359,1.55807209876543
"Cyprus",2018,1.77814306954436,1.36731363709033,2.48750904876099
"Czechia",2018,7.88266178044802,7.39411123937967,8.63254993782883
"Denmark",2018,0.831721114833596,0.600095364003995,1.21148130298399
"Dominican Republic",2018,8.19967175508536,7.91541302892052,8.68457261709093
"Ecuador",2018,42.4002197575376,42.3014809872051,42.5715519771454
"Egypt",2018,37.404537966337,37.2320707104523,37.622791358415
"El Salvador",2018,13.859052843462,11.5273006708211,14.4300723094459
"Eritrea",2018,1.71664491725768,1.35715271867612,2.42169550827423
"Estonia",2018,1.74265664800744,1.14495793607998,2.63426080518019
"Ethiopia",2018,36.9846819100021,36.9845782806807,36.9848851520047
"Finland",2018,17.0818234741998,16.8075706392719,17.5362719158929
"France",2018,2.36986994175041,2.10894096076159,2.79753327268222
"North Macedonia",2018,2.30151265671429,1.864723371,2.95639942457143
"Gabon",2018,194.370119543558,194.253590709202,194.520272917791
"Georgia",2018,52.7276898735236,52.693910222149,52.7621548080479
"Germany",2018,1.5324085284759,1.20407012254202,2.05389959023315
"Ghana",2018,613.942439513222,613.818768202445,614.114508549332
"Gibraltar",2018,1.92552,1.48064,2.69368
"Greece",2018,1.82064278440271,1.52567964033583,2.27079793802338
"Guatemala",2018,28.8690831199961,28.4689300721566,29.2968071408295
"Haiti",2018,8.95346417989583,8.61057872535038,9.59857357383523
"Honduras",2018,32.1911695086399,31.913957921695,32.5766545230861
"China, Hong Kong SAR",2018,1.34484687406487,0.891165553704054,2.02770735525427
"Hungary",2018,2.65478483873323,2.2936559181041,3.19425138827538
"Iceland",2018,5.51740980197531,3.47505366288284,5.78621464214372
"India",2018,3.60731781971661,3.22652094525912,4.10534374986417
"Indonesia",2018,1.1032926356112,0.666366830432858,1.20184375116468
"Iran",2018,0.221502072614639,0.21532417737877,0.228082732007822
"Iraq",2018,1.26638981806147,1.25164067568179,1.28329794502306
"Ireland",2018,1.03464487940719,0.826099881674765,1.32112809806608
"Israel",2018,0.0357225005762922,0.0237910273369389,0.0485673449773916
"Italy",2018,1.64460255107325,1.28623883353277,1.94414905602542
"Jamaica",2018,3.63452165264672,3.30894991023978,4.23355642770952
"Japan",2018,5.61119708136258,5.5852941878463,5.61795791624585
"Jordan",2018,0.147253859464355,0.14075503056262,0.1542206741079
"Kazakhstan",2018,88.0964522624893,87.610593762373,88.8023937786634
"Kenya",2018,11.7493820908446,8.13083656585432,12.3676161086672
"Korea",2018,0.160865566645452,0.144125097313318,0.184524395736265
"Dem. People's Rep. of Korea",2018,52.0870667095094,51.963520868966,52.2874622077288
"Kosovo",2018,1.9472553546198,1.3096678588442,2.92161986965867
"Kuwait",2018,0.0527616174094631,0.037294419959334,0.0705231068857504
"Kyrgyzstan",2018,0.143306269580352,0.0922025256236705,0.218630056081996
"Latvia",2018,8.13788275354402,8.02885275487186,8.28318355290665
"Lebanon",2018,1.21003159468208,1.18923066982659,1.23426789526012
"Libya",2018,0.939069945919504,0.703049281191401,1.30676373617414
"Lithuania",2018,4.30634313086697,4.16417408381658,4.51690443967996
"Luxembourg",2018,7.01107496917226,6.94519305418345,7.11282866939597
"Malaysia",2018,8.07599528789924,8.03265982440943,8.112379969818
"Malta",2018,0.655465969604863,0.469878662613982,0.880947404255319
"Mauritius",2018,15.6337362128603,15.2455357694013,16.3678488514412
"Mexico",2018,6.44957728639343,6.10578409806323,6.75949673233862
"Rep. of Moldova",2018,10.2736298102719,10.1119006622356,10.4377227045317
"Mongolia",2018,2.31157986006969,1.7433016629567,3.2140392901344
"Montenegro",2018,3.18691241395087,2.82603452430125,3.7383496269996
"Morocco",2018,8.60643362326766,8.27207712772656,9.19941301589238
"Mozambique",2018,83.6947835162488,83.6672630360228,83.7223039964748
"Myanmar",2018,37.0078570765159,36.9957930944893,37.0189411564374
"Namibia",2018,475.479640111392,475.460703402532,475.514171756962
"Nepal",2018,65.7850881152911,65.7850881152911,65.7850881152911
"Netherlands",2018,0.933606461457871,0.643423271282193,1.35434799036799
"Nicaragua",2018,9.71967236938784,8.22913127767514,10.3168461196641
"Niger",2018,1.60371014492754,1.19878043478261,2.37103695652174
"Nigeria",2018,76.8897532672812,76.7573657428421,77.0224209394408
"Norway",2018,12.7327521416843,12.7268086873226,12.7408866374964
"New Zealand",2018,7.05388553272455,5.67779807434221,7.25095737869397
"Oman",2018,0.0231785776449095,0.0181180734097326,0.0283395316392626
"Pakistan",2018,1.61177823500594,1.57656519391725,1.65017323100676
"Panama",2018,37.7977922122885,37.6846919625373,38.0095700957379
"Paraguay",2018,35.9019070428235,35.9018939681816,35.9019316416339
"Peru",2018,33.9182144039193,33.8351849577951,34.0199493678257
"Philippines",2018,2.10309400136454,1.22842234442908,2.25240778948577
"Poland",2018,4.75711671615757,4.20518101293403,5.59764624567976
"Portugal",2018,1.00931995362956,0.749921967359537,1.35868967768394
"Qatar",2018,0.021824,0.01724,0.026408
"Romania",2018,42.0756885432857,41.7997212770483,42.4851411048759
"Russian Federation",2018,28.7180962887672,28.4575095955445,29.0646579393732
"Saudi Arabia",2018,0.0388718804089095,0.0282895042719317,0.0507191811690029
"Senegal",2018,36.4682862862647,36.1463531204355,37.0970727184255
"Serbia",2018,2.72622631503091,2.25026160049453,3.4523126546179
"Singapore",2018,0.0813228566792654,0.0606738396709044,0.102548835853091
"Slovakia",2018,31.0956426922669,30.7611319362643,31.6124763716959
"Slovenia",2018,2.62740190203112,2.27832320853608,3.16407797700355
"South Africa",2018,3.71195732064327,3.27329217526868,4.51077205015796
"Spain",2018,1.37677181198929,1.13533181373015,1.75098166495927
"Srilanka",2018,16.9103402569704,16.8573654050342,16.9668550918223
"South Sudan",2018,1.71525313653137,1.35605239852399,2.41973210332103
"Sudan",2018,298.453123371458,298.309150008956,298.735489733574
"Suriname",2018,37.2562823580879,37.1005188007757,37.5493380497876
"Sweden",2018,1.97929864620138,1.81406357235054,2.25852595481629
"Switzerland",2018,6.8631517730373,6.7401011379028,7.06986329485568
"Syria",2018,2.76308309570731,2.75239565782678,2.77509713816247
"Tajikistan",2018,33.2291767306012,33.1938295361659,33.2816418713763
"United Rep. of Tanzania",2018,10.9337474472299,10.7866168881925,11.1410222028077
"Thailand",2018,8.73863924645532,8.70569305319035,8.77029997603017
"Togo",2018,437.6977465,437.655710293103,437.780189603448
"Trinidad",2018,0.49040332003988,0.326194892594942,0.655640391552615
"Tunisia",2018,0.87155586726893,0.713906442818981,1.03384271947156
"Turkey",2018,6.27371642049947,5.85909573763696,6.67383875824393
"Turkmenistan",2018,0.58536,0.41634,0.75438
"United Arab Emirates",2018,0.0279616982453011,0.022834098385023,0.0333200538672493
"United Kingdom",2018,1.23693894244774,1.01641970003783,1.56146422760806
"Ukraine",2018,28.6428526541593,28.2202203162373,29.2733742568664
"Uruguay",2018,133.965323249589,133.906642571971,134.07530291078
"USA",2018,2.48754190029285,2.18365902385422,2.8265045816297
"Uzbekistan",2018,1.21403456655939,1.04778908176436,1.39371741010759
"Venezuela",2018,46.0962705364093,46.0017183890612,46.2366809917574
"Viet Nam",2018,30.2330359609014,29.9865243585074,30.6025931874454
"Yemen",2018,0.0426924123401053,0.0303415500376223,0.0568136343115124
"Zambia",2018,425.981957558886,425.921010530335,426.095578933578
"Zimbabwe",2018,605.966220804215,605.74357255395,606.373492384279
"Uganda",2010,357.875053674602,357.774581471568,358.072103809236
"Lao People's Dem. Rep.",2010,114.2761378,114.2761378,114.2761378
"Bhutan",2010,65.87030196,65.87030196,65.87030196
"Lesotho",2010,495.1185736,495.1185736,495.1185736
"Rwanda",2010,250.409173431969,250.236790235083,250.747258306482
"Uganda",2011,373.274472663274,373.185273950981,373.449412773429
"Lao People's Dem. Rep.",2011,114.2761378,114.2761378,114.2761378
"Bhutan",2011,65.87030196,65.87030196,65.87030196
"Lesotho",2011,495.1185736,495.1185736,495.1185736
"Rwanda",2011,250.409173431969,250.236790235083,250.747258306482
"Uganda",2012,412.914930370819,412.854751153328,413.032956277992
"Lao People's Dem. Rep.",2012,114.2761378,114.2761378,114.2761378
"Bhutan",2012,65.87030196,65.87030196,65.87030196
"Lesotho",2012,495.1185736,495.1185736,495.1185736
"Rwanda",2012,250.409173431969,250.236790235083,250.747258306482
"Uganda",2013,476.183466316353,476.169604445537,476.210652776169
"Lao People's Dem. Rep.",2013,114.239377566989,114.239355397421,114.239407091489
"Bhutan",2013,65.87030196,65.87030196,65.87030196
"Lesotho",2013,495.1185736,495.1185736,495.1185736
"Rwanda",2013,250.409173431969,250.236790235083,250.747258306482
"Uganda",2014,444.373301142936,444.336151925835,444.446159685001
"Lao People's Dem. Rep.",2014,114.238812024943,114.238789514304,114.238842003666
"Bhutan",2014,65.87030196,65.87030196,65.87030196
"Lesotho",2014,495.1185736,495.1185736,495.1185736
"Rwanda",2014,250.409173431969,250.236790235083,250.747258306482
"Uganda",2015,457.840308562402,457.813018170727,457.893831578633
"Lao People's Dem. Rep.",2015,98.436271404128,98.4250495976767,98.4451929727444
"Bhutan",2015,65.87030196,65.87030196,65.87030196
"Lesotho",2015,495.1185736,495.1185736,495.1185736
"Rwanda",2015,250.409173431969,250.236790235083,250.747258306482
"Uganda",2016,460.560068084463,460.535149913464,460.608938605877
"Lao People's Dem. Rep.",2016,98.436271404128,98.4250495976767,98.4451929727444
"Bhutan",2016,65.87030196,65.87030196,65.87030196
"Lesotho",2016,495.1185736,495.1185736,495.1185736
"Rwanda",2016,250.409173431969,250.236790235083,250.747258306482
"Uganda",2017,442.034673154618,441.997977351433,442.106642443037
"Lao People's Dem. Rep.",2017,98.436271404128,98.4250495976767,98.4451929727444
"Bhutan",2017,65.87030196,65.87030196,65.87030196
"Lesotho",2017,495.1185736,495.1185736,495.1185736
"Rwanda",2017,250.409173431969,250.236790235083,250.747258306482
"Uganda",2018,441.225978113799,441.189381479317,441.29775290856
"Lao People's Dem. Rep.",2018,98.436271404128,98.4250495976767,98.4451929727444
"Bhutan",2018,65.87030196,65.87030196,65.87030196
"Lesotho",2018,495.1185736,495.1185736,495.1185736
"Rwanda",2018,250.409173431969,250.236790235083,250.747258306482
