country,country.code,water.consumption.m3.MWh,water.consumption.m3.TJ
Afghanistan,AF,65.87030196,18297.3061
Albania,AL,5.7920252,1608.895889
Algeria,AG,495.1185736,137532.9371
Angola,AO,22.0442305,6123.397361
Argentina,AR,87.23091697,24230.81027
Armenia,AM,65.87030196,18297.3061
Australia,AS,57.7830276,16050.841
Austria,AU,10.60069755,2944.638209
Azerbaijan,AJ,163.3403068,45372.30745
Bahamas,BF,61.26696011,17018.60003
Bahrain,BA,65.87030196,18297.3061
Bangladesh,BG,1054.800841,293000.2336
Barbados,BB,61.26696011,17018.60003
Belarus,BO,178.0720447,49464.45686
Belgium,BE,10.60069755,2944.638209
Belize,BH,61.26696011,17018.60003
Benin,BN,495.1185736,137532.9371
Bermuda,BD,61.26696011,17018.60003
Bhutan,BT,65.87030196,18297.3061
Bolivia,BL,61.26696011,17018.60003
Bosnia Herzegovina,BK,5.27604016,1465.566711
Botswana,BC,495.1185736,137532.9371
Brazil,BR,66.9851555,18606.98764
Brunei,BX,65.87030196,18297.3061
Bulgaria,BU,178.0720447,49464.45686
Burkina Faso,UV,2554.100906,709472.474
Burundi,BY,495.1185736,137532.9371
Cambodia,CB,65.87030196,18297.3061
Cameroon,CM,582.1032578,161695.3494
Canada,CA,24.61099407,6836.387243
Cape Verde,CV,495.1185736,137532.9371
Central African Rep.,CT,495.1185736,137532.9371
Chad,CD,495.1185736,137532.9371
Chile,CI,3.825610052,1062.669459
China,CH,3.434403042,954.000845
Colombia,CO,6.044564138,1679.045594
Comoros,CN,495.1185736,137532.9371
Congo,CF,495.1185736,137532.9371
Dem. Rep. of the Congo,CG,495.1185736,137532.9371
Costa Rica,CS,61.26696011,17018.60003
Croatia,HR,5.27604016,1465.566711
Cuba,CU,61.26696011,17018.60003
Cyprus,CY,65.87030196,18297.3061
Czechia,EZ,178.0720447,49464.45686
Denmark,DA,13.27715574,3688.098817
Djibouti,DJ,495.1185736,137532.9371
Dominica,DO,61.26696011,17018.60003
Dominican Republic,DR,61.26696011,17018.60003
Ecuador,EC,61.26696011,17018.60003
Egypt,EG,517.2954865,143693.1907
El Salvador,ES,30.88227095,8578.408598
Equatorial Guinea,EK,495.1185736,137532.9371
Eritrea,ER,495.1185736,137532.9371
Estonia,EN,13.27715574,3688.098817
Ethiopia,ET,39.79575025,11054.37507
Fiji,FJ,26.02205133,7228.347593
Finland,FI,72.69777011,20193.82503
France,FR,10.60069755,2944.638209
Gabon,GB,495.1185736,137532.9371
Gambia,GA,495.1185736,137532.9371
Georgia,GG,65.87030196,18297.3061
Germany,GM,10.60069755,2944.638209
Ghana,GH,1536.786342,426885.0949
Greece,GR,12.11618007,3365.605574
Grenada,GJ,61.26696011,17018.60003
Guatemala,GT,61.26696011,17018.60003
Guinea,GV,495.1185736,137532.9371
Guinea-Bissau,PU,495.1185736,137532.9371
Guyana,GY,61.26696011,17018.60003
Haiti,HA,61.26696011,17018.60003
Honduras,HO,94.31780123,26199.38923
Hong Kong,HK,65.87030196,18297.3061
Hungary,HU,178.0720447,49464.45686
Iceland,IC,2.401706817,667.1407824
India,IN,27.92132038,7755.922328
Indonesia,ID,3.662741531,1017.428203
Iran,IR,4.002598235,1111.832843
Iraq,IZ,72.85303843,20236.95512
Ireland,EI,13.27715574,3688.098817
Israel,IS,65.87030196,18297.3061
Italy,IT,5.27604016,1465.566711
Ivory Coast,IV,1611.514837,447643.0104
Jamaica,JM,61.26696011,17018.60003
Japan,JA,65.87030196,18297.3061
Jordan,JO,65.87030196,18297.3061
Kazakhstan,KZ,797.8656686,221629.3524
Kenya,KE,15.63679498,4343.554161
Kiribati,KR,26.02205133,7228.347593
Kosovo,Kosovo,5.27604016,1465.566711
Kuwait,KU,65.87030196,18297.3061
Kyrgyz Rep.,KG,17.216976,4782.493332
Lao People's Dem. Rep.,LA,114.2761378,31743.37162
Latvia,LG,13.27715574,3688.098817
Lebanon,LE,65.87030196,18297.3061
Lesotho,LT,495.1185736,137532.9371
Liberia,LI,495.1185736,137532.9371
Libya,LY,495.1185736,137532.9371
Lithuania,LH,13.27715574,3688.098817
Luxembourg,LU,10.60069755,2944.638209
Macau,MC,65.87030196,18297.3061
North Macedonia,MK,5.27604016,1465.566711
Madagascar,MA,495.1185736,137532.9371
Malawi,MI,495.1185736,137532.9371
Malaysia,MY,49.3315276,13703.20211
Maldives,MV,65.87030196,18297.3061
Mali,ML,418.299259,116194.2386
Malta,MT,5.27604016,1465.566711
Mauritania,MR,495.1185736,137532.9371
Mauritius,MP,495.1185736,137532.9371
Mexico,MX,55.13245524,15314.5709
Rep. of Moldova,MD,169.1782128,46993.94799
Mongolia,MG,65.87030196,18297.3061
Montenegro,MW,5.27604016,1465.566711
Morocco,MO,158.2930919,43970.3033
Mozambique,MZ,101.0451821,28068.10614
Myanmar,BM,65.87030196,18297.3061
Namibia,WA,495.1185736,137532.9371
Nepal,NP,65.87030196,18297.3061
Netherlands,NL,10.60069755,2944.638209
New Zealand,NZ,7.893288846,2192.580235
Nicaragua,NU,61.26696011,17018.60003
Niger,NG,495.1185736,137532.9371
Nigeria,NI,446.0515308,123903.203
NL Antilles and Aruba,NT,61.26696011,17018.60003
Dem. People's Rep. of Korea,KN,65.87030196,18297.3061
Norway,NO,13.27715574,3688.098817
Oman,MU,65.87030196,18297.3061
Pakistan,PK,7.061633975,1961.564993
Panama,PM,56.805322,15779.25611
Papua New Guinea,PP,26.02205133,7228.347593
Paraguay,PA,35.90244813,9972.902257
Peru,PE,61.26696011,17018.60003
Philippines,RP,4.579009052,1271.946959
Poland,PL,178.0720447,49464.45686
Portugal,PO,1.724726641,479.0907336
Qatar,QA,65.87030196,18297.3061
Romania,RO,178.0720447,49464.45686
Russian Federation,RS,162.5996748,45166.57632
Rwanda,RW,495.1185736,137532.9371
Samoa (Western),WS,26.02205133,7228.347593
Sao Tome and Principe,TP,495.1185736,137532.9371
Saudi Arabia,SA,65.87030196,18297.3061
Senegal,SG,495.1185736,137532.9371
Serbia,SR,5.27604016,1465.566711
Seychelles,SE,495.1185736,137532.9371
Sierra Leone,SL,495.1185736,137532.9371
Singapore,SN,65.87030196,18297.3061
Slovakia,LO,178.0720447,49464.45686
Slovenia,SI,5.27604016,1465.566711
Solomon Islands,BP,26.02205133,7228.347593
Somalia,SO,495.1185736,137532.9371
South Africa,SF,110.3365587,30649.04409
Korea,KS,9.390907829,2608.585508
Spain,SP,5.215179208,1448.660891
Srilanka,CE,65.87030196,18297.3061
St Lucia,ST,61.26696011,17018.60003
St Vincent and Grenadines,VC,61.26696011,17018.60003
Sudan,SU,495.1185736,137532.9371
Suriname,NS,61.26696011,17018.60003
Swaziland,WZ,495.1185736,137532.9371
Sweden,SW,2.858781807,794.1060575
Switzerland,SZ,10.60069755,2944.638209
Syria,SY,65.87030196,18297.3061
Taiwan,TW,65.87030196,18297.3061
Tajikistan,TI,35.02866367,9730.184353
United Rep. of Tanzania,TZ,35.27860644,9799.612901
Thailand,TH,169.1295905,46980.44181
Togo,TO,495.1185736,137532.9371
Tonga,TN,26.02205133,7228.347593
Trinidad,TD,61.26696011,17018.60003
Tunisia,TS,495.1185736,137532.9371
Turkey,TU,26.61550318,7393.195328
Turkmenistan,TX,65.87030196,18297.3061
Uganda,UG,495.1185736,137532.9371
Ukraine,UP,401.5292476,111535.9021
United Arab Emirates,AE,65.87030196,18297.3061
United Kingdom,UK,13.27715574,3688.098817
USA,US,20.8644286,5795.67461
Uruguay,UY,242.4930423,67359.17841
Uzbekistan,UZ,4.809763094,1336.045304
Vanuatu,NH,26.02205133,7228.347593
Venezuela,VE,75.48247976,20967.35549
Viet Nam,VM,65.87030196,18297.3061
Yemen,YM,65.87030196,18297.3061
Zambia,ZA,495.1185736,137532.9371
Zimbabwe,ZI,1150.444563,319567.9342